,battery_power,blue,clock_speed,dual_sim,fc,four_g,int_memory,m_dep,mobile_wt,n_cores,pc,px_height,px_width,ram,sc_h,sc_w,talk_time,three_g,touch_screen,wifi
0,804,1,0.8,1,12,1,41,0.9,89,1,13,709,818,2027,11,5,11,1,0,0
1,1042,0,2.2,0,15,1,11,0.6,139,5,16,68,1018,2826,18,0,2,1,0,0
2,1481,1,2.0,1,0,0,35,0.5,105,3,0,249,522,2635,17,16,4,1,0,1
3,1104,0,1.7,0,1,1,60,0.4,199,2,13,653,1413,1229,6,0,3,1,1,1
4,652,0,0.5,1,1,0,58,0.6,142,3,2,464,781,565,18,12,9,0,0,1
5,508,1,1.3,0,1,0,50,0.7,82,5,9,102,1195,2175,14,4,14,0,0,1
6,851,0,2.3,1,7,1,54,1.0,101,2,9,788,1007,1005,12,2,14,1,0,1
7,1895,0,0.5,0,2,1,5,0.7,134,1,11,725,1335,774,15,4,6,1,1,0
8,1317,0,1.8,1,2,0,43,0.5,113,5,3,179,613,3436,16,13,5,0,1,1
9,1306,1,2.1,1,2,1,33,0.4,174,3,9,867,1258,2521,6,5,16,1,0,0
10,1042,0,2.7,1,16,1,50,0.8,93,7,18,727,1705,3215,18,0,20,1,1,1
11,580,1,2.1,1,0,0,24,0.4,135,4,5,404,898,3565,12,11,8,1,0,1
12,538,0,1.1,1,0,1,25,0.3,163,7,7,455,537,2215,9,3,17,1,1,1
13,1001,0,2.8,1,1,0,40,0.2,117,3,7,922,1836,3654,13,9,10,1,1,1
14,1431,1,0.5,0,0,1,56,0.6,191,1,1,156,952,461,7,3,8,1,0,0
15,1991,1,2.7,0,5,1,64,0.9,145,2,13,1058,1325,1733,5,3,8,1,1,0
16,1645,1,1.8,0,1,0,21,0.7,123,7,2,897,1308,783,10,8,20,1,0,0
17,1821,0,1.7,0,4,1,10,0.8,139,8,10,381,1018,3220,13,8,18,1,0,1
18,1757,0,0.5,0,8,0,49,0.5,180,6,14,265,713,2056,7,5,4,0,0,0
19,1350,1,0.5,1,0,1,50,0.8,181,8,4,369,544,2287,15,1,8,1,1,0
20,1112,0,0.5,0,0,1,12,0.9,190,4,6,777,1119,3302,11,0,20,1,1,1
21,844,0,2.2,1,1,1,22,0.9,197,7,2,777,1995,3154,14,11,7,1,0,0
22,1617,1,1.3,1,3,1,30,0.7,105,2,4,246,1038,829,9,0,10,1,0,0
23,1034,0,2.6,1,2,1,45,0.3,190,3,4,182,1293,969,15,1,7,1,0,0
24,1456,0,1.6,1,9,1,39,0.1,80,8,10,815,1666,3998,6,3,13,1,1,0
25,1092,1,0.5,1,10,0,11,0.5,167,3,14,468,571,737,14,4,11,0,1,0
26,1142,1,1.1,0,0,1,6,0.5,198,4,0,739,1766,1273,19,0,6,1,0,0
27,1650,0,2.3,0,0,1,38,0.7,89,1,1,773,881,324,14,10,2,1,1,1
28,1671,0,0.6,1,7,1,61,0.1,129,2,11,263,848,2336,10,4,7,1,0,0
29,826,0,0.6,0,3,0,62,0.7,187,4,19,778,1615,1998,17,4,17,0,0,0
30,1871,1,2.0,0,7,1,20,0.1,81,7,14,88,1682,2144,13,12,12,1,1,1
31,864,0,2.5,0,10,1,24,0.7,148,4,15,1362,1378,3964,13,8,12,1,1,0
32,1009,1,2.8,1,7,1,2,0.6,115,7,15,267,1841,2286,19,8,13,1,0,0
33,1172,1,2.1,1,4,0,41,0.1,95,3,7,1314,1884,1107,7,3,5,0,0,0
34,1498,1,1.2,1,0,1,14,0.1,191,4,1,111,1167,577,14,12,12,1,1,0
35,1049,1,2.2,0,9,0,63,0.5,135,5,17,199,1077,1022,11,3,13,0,0,0
36,816,0,3.0,1,2,0,9,0.1,117,1,3,1196,1651,3851,10,3,14,1,0,1
37,1172,0,1.9,0,0,1,27,0.7,164,1,3,607,1092,1477,12,0,6,1,0,0
38,1562,1,1.3,1,1,1,7,0.2,190,5,15,642,1533,2243,12,10,6,1,0,0
39,1136,1,1.6,0,15,0,32,0.5,150,6,19,961,1030,3210,10,3,8,1,1,1
40,503,0,1.2,1,5,1,8,0.4,111,3,13,201,1245,2583,11,0,12,1,0,0
41,1614,0,1.2,0,1,1,9,0.1,161,3,2,173,1219,1832,15,8,11,1,0,0
42,1729,1,2.1,1,1,0,12,0.9,186,1,6,461,1178,1519,9,4,5,1,0,1
43,899,1,2.7,0,3,1,53,0.3,192,4,11,641,1638,2870,19,16,10,1,0,1
44,1273,0,1.0,0,3,1,48,0.4,99,4,15,490,886,1767,18,15,11,1,1,0
45,840,0,0.6,0,0,1,63,0.8,137,7,19,987,1081,3486,12,8,18,1,1,0
46,1794,1,0.5,1,5,1,55,0.5,86,7,7,43,627,402,14,7,14,1,0,1
47,586,0,0.5,1,1,0,57,0.3,188,2,5,1226,1389,3646,15,4,11,1,1,1
48,1329,1,1.0,0,1,0,52,0.9,181,6,2,1053,1458,1228,8,6,6,1,0,1
49,1628,0,0.5,0,5,1,33,0.9,101,6,8,412,643,3361,16,10,13,1,0,0
50,763,0,1.7,1,8,1,2,0.5,92,8,14,1028,1186,1050,6,4,8,1,1,0
51,1221,0,2.3,0,7,1,35,0.4,152,7,19,765,1899,2638,19,16,14,1,1,1
52,1044,0,1.8,0,4,1,12,0.7,104,6,5,1230,1263,1794,18,7,19,1,1,1
53,1290,1,1.4,1,19,1,35,0.3,110,4,20,405,742,879,16,2,8,1,0,0
54,1926,1,1.7,1,1,1,33,0.4,172,3,2,982,1157,2488,6,1,14,1,0,0
55,1699,1,0.5,0,16,0,21,0.1,156,4,20,105,1099,1181,16,0,18,1,1,0
56,591,1,0.5,1,1,1,16,0.9,90,6,17,892,1603,3746,5,0,5,1,1,0
57,1212,0,2.6,0,1,1,46,0.3,102,4,8,611,1715,2249,14,3,4,1,1,1
58,1276,1,2.9,1,2,0,53,0.3,130,2,3,217,735,3798,19,10,8,1,1,1
59,612,1,0.5,1,1,1,20,0.8,179,8,6,1145,1487,3282,16,2,18,1,1,1
60,1927,0,0.9,1,3,0,11,0.4,190,8,12,491,1506,2916,16,11,18,0,1,1
61,885,0,2.3,1,0,1,15,0.4,103,7,0,769,802,1410,16,10,5,1,1,1
62,1881,0,2.2,0,4,0,51,0.3,158,5,7,477,1553,1229,12,0,14,1,0,0
63,626,1,2.8,1,3,1,11,0.8,109,2,9,737,1759,1077,6,1,4,1,0,1
64,1068,0,1.3,0,6,1,52,0.1,97,8,7,994,1500,1436,16,1,15,1,0,0
65,1611,0,0.5,1,4,1,27,0.9,199,1,10,163,1011,3078,15,2,6,1,0,1
66,961,1,1.4,1,0,1,57,0.6,114,8,3,291,1434,2782,18,9,7,1,1,1
67,555,1,3.0,1,5,1,38,0.8,193,2,10,214,1970,1686,8,1,8,1,0,1
68,745,1,0.6,1,5,0,35,0.8,102,8,10,89,1538,2459,14,1,16,1,1,0
69,765,0,2.9,0,0,1,18,0.1,153,7,0,6,793,1066,11,1,16,1,1,0
70,1579,1,1.5,0,0,0,27,0.2,142,6,18,831,1484,1713,16,4,10,1,1,1
71,880,0,1.7,0,2,0,6,0.6,198,4,19,632,660,3006,6,4,3,1,0,0
72,550,1,0.5,0,16,1,23,0.1,145,2,17,486,1930,302,18,5,8,1,0,0
73,807,0,0.5,0,9,0,8,0.3,158,5,20,667,697,1284,17,13,2,0,1,1
74,680,1,2.1,1,9,1,9,0.1,131,3,11,1428,1500,2438,14,2,17,1,0,0
75,704,0,2.2,1,4,0,53,0.2,186,6,6,251,1013,3653,7,1,15,1,1,1
76,1603,1,0.5,1,1,1,17,0.5,114,2,8,430,1207,1637,17,3,11,1,0,1
77,936,0,1.0,0,1,0,18,0.2,153,3,18,1330,1686,2391,12,6,3,1,1,1
78,1433,0,1.6,0,7,0,4,0.7,133,8,11,281,799,258,11,9,4,1,1,1
79,1872,0,0.5,0,5,1,26,0.5,172,4,10,672,1088,2273,8,4,8,1,0,1
80,1611,1,0.5,1,11,0,3,0.6,98,3,14,303,714,1595,8,4,9,1,0,1
81,1395,1,2.8,0,0,1,55,0.6,118,3,1,782,1787,3373,11,2,16,1,1,0
82,811,1,2.4,1,5,1,2,0.3,106,6,13,333,1429,2111,18,7,2,1,0,1
83,742,1,0.5,0,0,1,36,0.7,139,3,1,1161,1288,292,8,0,6,1,1,1
84,1809,1,1.7,0,3,1,59,0.1,174,3,4,639,721,2324,10,6,16,1,0,1
85,1205,0,0.5,1,3,0,12,0.6,175,4,6,573,614,860,14,1,14,1,0,1
86,954,1,0.5,0,0,0,50,0.3,134,2,11,228,1058,438,17,0,2,1,0,0
87,1635,0,2.6,1,0,1,2,0.6,182,4,0,1209,1411,2315,10,1,2,1,1,0
88,593,0,0.5,0,6,0,31,0.4,156,7,7,1233,1317,1692,6,2,7,1,0,0
89,1165,1,2.4,0,11,0,41,0.2,178,6,12,564,831,764,19,12,15,1,0,0
90,965,1,1.4,0,1,0,13,0.9,197,8,2,645,1275,2343,17,12,15,1,0,0
91,972,1,0.5,1,5,0,13,0.4,193,5,8,1392,1795,1615,11,6,13,0,1,0
92,508,0,1.6,1,0,0,9,0.4,162,6,2,1419,1920,2616,18,8,10,1,1,1
93,1478,1,0.8,1,12,0,48,0.7,99,5,17,694,882,1141,5,2,6,0,0,1
94,1919,0,1.5,0,5,1,48,0.8,150,4,6,304,1191,1391,19,13,12,1,0,1
95,648,1,1.8,0,1,1,60,0.1,195,4,4,931,1811,819,10,3,4,1,0,0
96,610,1,1.6,1,9,0,52,0.4,90,4,19,1039,1273,3472,10,4,12,1,1,1
97,914,1,0.5,0,0,1,26,0.7,147,4,0,706,721,1122,12,9,2,1,1,1
98,1731,1,2.3,1,18,0,60,0.5,171,4,20,142,1039,1220,9,3,20,0,1,0
99,1982,1,1.6,0,2,1,12,0.2,80,5,20,287,593,1824,13,3,14,1,1,1
100,1265,0,0.6,1,4,1,49,0.5,90,1,5,275,687,1518,16,11,8,1,0,1
101,1821,0,0.9,0,9,1,12,0.3,114,1,18,97,1803,2430,7,4,6,1,1,1
102,1698,0,2.8,0,10,1,7,0.8,131,8,12,26,508,2992,15,3,17,1,1,0
103,1557,0,2.8,1,16,0,2,0.1,123,5,20,1107,1442,2690,18,16,9,0,0,1
104,1271,1,0.5,0,12,0,32,0.1,113,7,15,1350,1949,445,15,14,14,0,0,1
105,1288,0,2.8,1,15,0,50,0.1,121,2,20,1177,1809,3129,17,6,2,0,0,0
106,675,0,2.3,0,10,0,60,0.9,144,5,15,192,757,1735,7,0,13,1,0,1
107,1564,0,2.3,0,4,1,25,0.5,189,6,17,1259,1965,1496,6,4,7,1,1,1
108,1758,1,0.5,0,11,1,13,0.6,190,8,14,762,1864,1897,6,2,15,1,0,0
109,772,0,1.1,1,12,0,39,0.8,81,7,14,1314,1854,2819,17,15,3,1,1,0
110,551,1,2.8,0,0,1,54,0.1,172,7,15,169,1916,1414,6,1,19,1,0,1
111,958,1,1.6,0,9,1,60,0.4,200,1,12,730,751,1417,10,4,19,1,0,1
112,1843,0,2.8,0,1,1,62,0.8,104,3,7,21,832,3899,5,4,6,1,0,1
113,1830,1,1.0,0,7,1,47,0.3,117,1,11,1191,1882,3362,13,10,11,1,0,0
114,1224,1,1.8,1,2,1,44,0.2,139,2,9,622,709,621,11,4,14,1,1,1
115,1278,1,1.0,0,7,1,24,0.8,170,3,16,1352,1775,3141,6,2,11,1,1,1
116,1751,0,2.5,0,1,0,4,0.6,146,8,9,1499,1952,1155,19,14,12,0,1,1
117,1391,0,1.4,0,2,1,36,0.8,182,1,6,14,1256,3139,14,7,14,1,1,0
118,1337,0,0.5,0,13,0,31,0.8,186,2,20,48,644,2180,7,4,16,1,0,1
119,1524,0,2.5,1,11,1,41,1.0,96,4,20,184,740,1936,7,0,9,1,1,1
120,921,0,0.6,1,1,0,60,0.1,83,2,3,1211,1229,1080,10,0,6,0,0,1
121,580,1,1.2,1,0,0,47,0.9,91,3,1,1086,1345,3451,15,1,11,1,1,0
122,1175,0,0.6,0,10,0,25,0.1,145,2,12,137,1501,3153,9,4,12,1,0,0
123,668,0,2.9,1,7,0,30,0.2,195,8,12,522,1056,2399,10,5,7,1,1,1
124,1208,0,2.9,0,5,1,16,1.0,175,1,19,691,1028,2201,17,16,12,1,0,0
125,1714,0,0.5,1,7,0,31,0.4,120,2,10,287,627,3707,5,1,19,0,0,1
126,1154,0,0.5,0,12,1,14,0.7,156,7,14,251,1801,587,8,3,4,1,1,1
127,630,0,2.0,0,9,1,14,0.5,180,8,13,66,1448,1212,12,8,12,1,0,0
128,592,0,0.8,1,1,0,52,0.9,103,7,10,332,970,1507,5,0,4,0,0,1
129,720,1,0.9,1,12,1,14,0.8,165,4,14,366,1234,1086,14,7,3,1,1,0
130,1524,1,1.8,1,0,0,10,0.6,174,4,1,154,550,2678,16,5,13,1,0,1
131,1968,0,0.9,0,0,0,22,0.8,115,3,7,861,1259,2323,9,8,7,0,0,1
132,1778,0,0.5,0,0,1,23,0.5,101,6,11,1028,1445,3941,19,6,13,1,0,0
133,1791,1,0.5,1,1,1,33,0.5,110,5,4,371,682,594,17,8,16,1,0,1
134,712,1,1.6,0,6,1,9,0.8,172,2,14,881,1234,3612,13,5,4,1,0,0
135,1142,1,1.4,1,6,0,6,0.7,190,8,8,534,855,663,12,4,5,0,1,1
136,1099,0,0.5,0,13,1,61,0.3,146,3,20,393,1096,1699,17,10,3,1,1,1
137,685,0,2.7,0,7,0,17,0.3,174,6,20,725,870,1223,8,0,18,1,0,1
138,926,1,0.8,0,6,1,59,0.8,161,7,14,84,793,256,18,7,2,1,0,1
139,708,1,2.7,1,0,1,63,1.0,195,8,7,78,654,2169,6,5,7,1,1,1
140,1081,1,2.5,1,13,0,49,1.0,99,3,17,284,519,325,9,1,6,0,0,1
141,846,1,2.6,0,0,1,58,0.1,123,4,15,1140,1983,2248,16,8,13,1,0,0
142,1485,0,2.8,0,3,1,44,0.1,138,4,14,341,774,3271,14,12,8,1,1,0
143,748,0,1.4,0,0,0,25,1.0,110,7,14,88,709,1974,17,5,13,0,1,1
144,1073,1,0.5,1,0,0,51,0.5,145,7,0,690,804,2908,6,0,18,0,1,0
145,834,0,0.5,0,2,1,27,0.2,123,1,16,1421,1463,1591,11,9,20,1,1,0
146,596,0,2.1,1,9,0,64,0.8,111,8,15,885,1854,3238,16,13,10,0,0,0
147,1660,0,0.5,0,2,1,15,0.7,100,8,8,440,569,2424,12,5,9,1,1,0
148,545,0,0.5,0,0,1,11,0.3,131,3,1,381,1452,616,15,6,19,1,1,1
149,1610,1,2.9,0,7,1,64,0.9,181,4,12,1236,1280,941,8,4,9,1,1,0
150,1314,0,2.9,1,8,1,41,0.1,155,4,12,113,577,626,10,4,4,1,1,1
151,601,1,1.4,0,4,1,4,0.1,154,4,13,356,765,532,12,8,10,1,1,1
152,1379,1,2.1,1,14,1,63,1.0,83,1,17,207,1370,651,9,6,7,1,1,0
153,771,1,0.5,0,3,0,25,1.0,86,4,6,327,922,770,12,1,20,0,1,0
154,688,1,2.5,0,9,0,40,0.2,109,5,20,376,1957,1382,12,7,8,0,1,0
155,1996,1,2.8,1,0,1,7,0.1,138,5,4,937,1083,1258,17,14,16,1,0,0
156,1614,0,1.9,0,8,1,55,0.3,188,3,17,860,1330,3914,17,13,13,1,0,0
157,563,0,2.0,1,3,0,47,0.3,115,7,12,211,684,3012,14,4,15,1,0,0
158,1923,0,0.5,1,7,0,46,0.5,191,1,10,767,1759,1489,10,9,3,1,1,1
159,1119,0,0.5,1,0,1,23,0.4,164,4,1,821,915,3520,7,4,7,1,0,0
160,1608,0,1.8,1,7,0,28,0.4,183,2,13,1013,1158,489,15,11,8,0,0,1
161,1733,1,1.5,1,4,1,6,0.9,170,1,15,590,997,3488,6,4,10,1,1,1
162,1373,1,1.0,1,2,0,50,0.2,127,7,12,105,673,3800,8,3,14,1,0,0
163,517,0,1.4,1,3,1,33,0.8,183,4,8,660,974,3704,17,16,11,1,0,1
164,1020,1,0.7,1,3,1,27,0.7,128,4,4,919,1482,3204,18,1,9,1,0,1
165,1068,0,2.7,1,0,1,45,0.6,194,5,1,935,1499,1754,17,7,9,1,0,1
166,618,1,1.0,0,9,1,13,0.1,80,4,15,591,724,1424,15,12,7,1,1,0
167,1828,1,2.1,1,0,0,17,0.9,199,1,1,336,898,2280,17,14,4,0,0,0
168,1002,0,2.6,1,7,0,27,0.1,146,1,10,115,1111,1295,18,15,17,1,0,1
169,1883,0,1.6,0,9,0,24,0.1,87,1,16,203,915,3563,17,10,3,0,0,0
170,733,1,0.6,1,0,0,63,0.3,105,7,10,950,1739,984,17,4,9,1,0,1
171,1137,0,2.2,0,6,1,3,0.9,173,5,7,1250,1285,316,15,14,17,1,0,0
172,1554,1,0.5,1,11,0,5,1.0,124,3,12,395,1579,3635,7,4,18,0,0,0
173,1988,1,0.5,0,0,1,16,0.1,94,8,1,153,696,3144,16,2,14,1,0,0
174,1225,1,2.4,0,0,0,15,0.1,155,5,0,840,982,1970,16,8,15,1,1,0
175,1965,1,0.5,0,4,1,29,0.5,149,5,13,584,676,2973,11,1,20,1,1,1
176,581,0,0.6,0,5,1,56,0.2,180,2,10,523,565,354,10,4,13,1,1,1
177,1154,0,2.0,0,6,1,35,0.8,159,5,16,1003,1827,3262,16,15,16,1,0,0
178,1512,0,0.6,1,1,1,54,0.4,134,3,2,220,1838,3366,7,3,11,1,0,1
179,912,0,0.7,0,3,0,47,0.9,182,3,6,724,794,1321,7,2,6,0,1,1
180,725,0,1.3,1,16,0,60,0.4,160,8,17,1134,1249,1326,10,4,15,1,0,0
181,1800,1,3.0,0,5,0,53,0.3,87,1,12,191,1108,656,14,10,18,0,0,1
182,516,0,1.1,1,0,1,39,0.4,91,5,7,855,1401,819,8,0,10,1,1,1
183,1976,1,2.6,1,6,0,45,1.0,136,4,19,652,1933,2470,11,1,3,0,0,0
184,1018,0,2.2,0,8,0,16,0.6,153,8,10,992,1433,3143,17,12,20,0,1,0
185,689,0,1.4,0,2,0,45,0.5,103,5,11,256,823,3585,10,1,10,1,0,0
186,609,0,0.5,0,3,0,26,0.3,93,4,4,938,1948,1866,11,10,14,1,1,1
187,574,1,3.0,0,1,1,30,0.9,126,2,3,94,1334,1167,5,3,19,1,0,0
188,961,1,1.5,1,10,0,51,0.3,152,6,16,554,621,2981,15,6,7,1,1,1
189,1578,0,1.9,1,2,1,37,0.1,138,4,19,411,1226,2458,19,16,3,1,0,1
190,1876,0,1.3,1,9,1,64,1.0,98,3,19,600,1211,3132,17,0,2,1,1,1
191,1066,0,3.0,1,6,1,5,0.5,167,5,7,53,1504,1044,8,7,11,1,0,0
192,1082,0,0.8,0,0,0,38,0.1,198,8,5,986,1191,2337,6,1,17,0,1,1
193,1663,1,0.5,0,0,0,40,0.6,147,4,15,951,1545,1336,8,5,15,1,0,0
194,973,1,1.5,0,5,1,57,0.2,190,7,16,457,1816,2977,6,4,2,1,0,0
195,908,0,2.1,0,1,0,44,0.6,95,5,2,154,941,3518,16,12,7,1,1,1
196,1935,0,0.5,0,0,1,29,0.6,124,5,9,806,860,455,9,2,6,1,0,1
197,1503,1,0.7,0,10,1,43,0.2,166,4,14,841,1304,2122,15,1,2,1,0,0
198,586,1,0.6,0,16,1,42,0.3,121,7,17,785,1118,1869,12,2,7,1,1,1
199,1911,0,0.9,1,1,1,36,0.7,108,8,3,868,1632,3057,9,1,5,1,1,0
200,1992,1,1.6,0,5,1,57,1.0,100,2,15,1552,1596,606,9,3,4,1,1,1
201,1949,0,1.8,0,0,0,20,0.8,186,5,4,518,592,1125,17,10,9,0,0,0
202,1715,0,2.6,1,9,1,15,0.6,120,6,20,114,1849,1249,16,2,4,1,1,0
203,1483,0,2.1,0,1,1,54,0.2,176,7,2,531,758,1851,15,13,2,1,1,0
204,984,0,0.5,1,3,1,9,0.8,140,3,20,531,707,841,18,15,16,1,0,0
205,694,1,1.8,1,15,0,36,0.4,193,4,20,983,1230,3676,12,8,5,1,0,1
206,1348,0,1.3,0,0,0,43,0.4,116,5,6,204,501,3914,10,3,8,1,0,1
207,571,1,2.0,1,5,1,58,0.6,101,6,11,31,1536,555,19,10,11,1,0,1
208,1002,0,2.7,1,16,1,11,0.4,185,6,18,285,512,961,10,7,19,1,0,1
209,729,1,2.0,0,0,0,14,0.6,135,6,2,563,1055,3397,19,15,17,1,0,1
210,1318,0,1.9,1,0,1,11,0.8,188,2,15,688,1591,1780,12,10,2,1,0,0
211,1878,1,0.5,0,9,0,29,0.6,85,8,19,210,1026,1334,18,7,2,0,0,0
212,1002,1,1.8,0,1,0,45,0.7,180,7,7,948,1007,1234,19,13,18,1,1,0
213,1253,1,0.5,1,5,1,5,0.2,152,2,19,685,714,1878,15,0,4,1,1,0
214,1358,1,0.5,0,11,1,36,0.3,155,4,14,1565,1858,3068,9,4,4,1,1,0
215,793,0,1.0,1,5,1,30,0.9,133,2,15,1858,1935,2332,17,13,14,1,1,1
216,1387,0,0.5,0,0,1,61,0.5,98,3,0,785,1151,629,5,3,11,1,1,0
217,1442,0,1.0,1,0,0,27,0.1,192,3,19,231,687,2227,6,5,20,1,1,0
218,1352,0,2.4,0,5,1,6,0.9,92,6,9,629,1299,1309,12,1,14,1,0,0
219,1117,0,0.5,0,1,0,12,0.6,144,7,8,798,817,2895,7,6,16,1,1,0
220,928,1,0.5,1,11,0,56,0.7,80,8,13,221,1243,666,19,10,5,0,1,0
221,1644,0,2.8,0,0,1,44,1.0,137,8,0,358,791,2360,7,4,19,1,0,0
222,860,1,1.6,1,13,0,48,0.5,187,7,18,335,1463,1870,17,2,18,1,0,0
223,1076,1,2.6,0,3,1,38,0.7,119,6,8,129,915,891,18,3,9,1,1,0
224,1514,0,2.9,0,0,0,27,0.2,118,3,1,186,1810,1152,8,3,20,0,1,1
225,1064,0,2.9,1,1,1,34,0.2,184,6,13,1175,1569,654,16,13,6,1,0,0
226,1836,1,2.1,1,0,1,30,0.2,184,7,15,276,1230,3072,7,3,5,1,1,0
227,1348,1,2.0,1,5,0,36,0.3,145,6,6,468,741,2554,19,1,12,0,1,0
228,582,0,0.5,1,3,0,27,0.2,168,3,10,985,1420,2437,19,2,2,1,1,1
229,999,0,1.7,0,6,0,49,0.6,132,1,17,608,1970,1598,7,0,8,0,1,0
230,1083,1,2.9,1,1,1,64,0.8,178,3,11,1025,1118,3210,13,3,4,1,0,0
231,1125,1,2.7,0,10,0,23,0.4,117,1,14,774,939,1641,14,8,12,1,1,0
232,1322,0,2.3,1,1,1,35,0.1,157,1,3,443,708,3684,15,8,6,1,0,0
233,1128,1,0.5,1,6,0,33,0.6,147,8,7,938,1226,1440,17,15,19,1,0,0
234,957,1,0.7,0,0,1,4,0.1,160,2,0,38,1682,1898,12,4,3,1,1,0
235,1874,1,0.6,0,1,0,19,0.8,192,2,9,1238,1418,1218,15,10,17,0,1,0
236,1129,1,2.8,1,0,0,49,0.5,185,2,2,1070,1079,1857,8,4,5,1,1,1
237,1130,0,1.8,1,0,0,27,0.9,101,1,8,1495,1579,315,14,5,11,1,1,0
238,1308,0,1.9,0,0,1,61,0.7,106,3,7,59,1215,3355,15,2,4,1,0,1
239,671,0,2.9,0,7,1,2,0.1,95,6,19,614,1617,2278,13,4,2,1,0,0
240,801,1,2.2,1,2,0,63,0.4,165,7,4,650,879,1617,17,4,19,0,0,1
241,1398,0,1.6,1,8,1,26,0.8,150,1,12,755,1284,3488,14,3,11,1,1,0
242,821,0,1.8,1,5,0,54,0.1,109,3,9,253,1786,3185,8,4,15,1,0,0
243,1654,0,1.8,0,1,0,11,0.3,146,7,2,1184,1719,1070,8,1,14,1,1,1
244,1897,1,1.9,0,2,1,54,0.3,154,2,7,630,738,412,17,11,2,1,0,0
245,571,0,1.6,1,8,0,35,0.2,186,7,20,177,1282,2598,13,5,8,1,1,0
246,612,1,0.7,0,6,0,35,0.6,181,5,12,1294,1337,3169,14,9,6,0,0,0
247,1063,0,1.5,0,7,0,3,0.9,155,4,10,394,849,1919,12,10,20,1,1,0
248,999,1,1.8,1,0,1,27,0.1,167,4,1,20,745,1344,17,10,5,1,0,0
249,1413,0,0.5,1,5,0,51,0.3,117,5,11,187,517,3383,16,5,2,0,0,0
250,537,1,2.0,0,1,1,55,0.3,103,7,2,1041,1430,2029,10,5,12,1,1,1
251,1070,1,3.0,0,9,0,19,0.8,160,7,16,90,1614,2647,14,13,20,0,1,0
252,897,0,1.4,1,1,0,17,0.4,171,1,2,547,1852,2948,12,3,5,0,0,1
253,1268,1,2.9,0,9,1,42,0.9,182,6,17,360,912,931,11,5,20,1,1,0
254,1633,0,1.7,1,3,1,33,0.9,111,2,19,146,906,511,9,0,7,1,1,0
255,1617,0,1.5,0,1,1,63,0.7,111,2,10,274,1079,2754,19,10,8,1,1,1
256,538,0,0.8,0,12,1,2,0.8,177,7,13,235,662,417,8,4,9,1,0,1
257,1702,0,1.0,0,7,0,36,0.1,177,5,9,1240,1931,1430,8,6,10,0,0,0
258,1867,0,2.3,0,0,1,9,0.1,191,6,3,712,1442,990,6,1,2,1,0,1
259,1967,0,0.5,0,0,1,46,0.6,199,1,7,518,1374,1567,15,2,7,1,1,0
260,1970,0,1.6,1,11,1,58,0.3,80,8,19,654,882,2372,14,12,2,1,1,0
261,1065,1,0.5,0,0,1,14,0.7,89,2,2,188,928,3078,10,1,18,1,0,1
262,1108,1,1.3,1,14,1,2,0.3,169,7,20,208,1742,1229,5,3,4,1,1,0
263,601,0,2.1,0,4,0,26,0.3,101,4,18,509,548,918,9,1,12,0,0,0
264,1929,1,0.5,1,0,1,19,1.0,163,6,2,349,1051,1913,12,7,6,1,1,0
265,1261,0,0.5,0,3,1,52,0.3,86,2,9,605,1429,1365,9,3,16,1,0,1
266,1933,0,2.8,1,1,0,16,0.5,154,3,9,229,1473,838,14,2,18,0,1,0
267,1332,0,1.3,1,5,1,7,0.8,168,7,19,846,855,2790,19,11,10,1,1,0
268,1423,0,0.6,0,12,0,44,0.8,131,5,13,501,640,2253,10,8,9,0,0,0
269,1136,0,0.5,0,0,1,9,0.9,150,6,2,1307,1767,2110,9,5,16,1,0,1
270,1486,0,2.6,0,7,0,52,0.1,85,4,15,1430,1747,297,13,1,15,0,1,0
271,1910,0,1.4,0,0,0,29,0.6,146,7,2,333,639,2944,8,7,2,1,1,1
272,1310,1,2.3,1,6,0,57,0.9,135,8,9,449,889,1175,16,0,8,0,0,0
273,1979,1,1.6,1,0,0,32,0.2,165,7,1,833,1630,452,13,6,14,0,1,0
274,825,1,0.5,1,7,0,52,0.9,130,3,10,597,863,3534,10,4,6,0,1,0
275,509,1,0.6,1,2,1,9,0.1,93,5,15,1137,1224,513,19,10,12,1,0,0
276,1763,0,2.9,1,1,1,53,0.2,101,4,20,138,806,2066,12,9,17,1,1,1
277,1310,1,2.2,1,0,1,51,0.6,100,4,0,178,1919,3845,7,0,12,1,1,0
278,1375,0,2.9,0,2,0,20,0.4,147,6,7,596,679,3847,8,0,12,1,0,1
279,1520,0,0.5,0,1,1,24,0.7,199,5,8,109,1909,3233,13,3,4,1,0,1
280,832,0,1.1,0,0,1,46,0.3,93,6,0,820,1366,3317,8,0,19,1,1,0
281,1722,0,2.6,0,8,0,18,0.8,177,2,16,865,1741,3271,14,0,15,1,0,1
282,664,0,1.5,0,5,1,6,0.9,164,2,19,1076,1472,3774,11,5,18,1,0,0
283,733,0,2.1,0,5,1,7,0.2,174,7,10,445,1409,1403,15,8,2,1,1,0
284,920,1,0.5,0,2,0,46,0.8,149,3,3,1058,1421,2608,6,0,2,0,0,1
285,950,1,0.5,0,9,0,55,0.1,156,5,10,774,843,1095,14,12,13,0,1,0
286,1807,0,2.0,1,0,1,13,0.5,155,8,0,970,974,323,9,3,3,1,1,1
287,1658,1,1.4,0,0,1,39,0.7,182,1,5,410,522,3483,10,1,15,1,0,1
288,1796,1,2.3,0,4,0,44,0.9,184,2,11,1024,1363,3577,17,7,4,1,1,0
289,852,0,1.0,1,4,1,62,0.7,104,7,13,293,1159,2253,17,4,7,1,1,0
290,1379,1,1.5,0,6,1,9,0.8,118,8,13,98,755,1693,11,4,18,1,0,1
291,1673,0,2.8,1,7,0,9,0.1,187,3,10,65,734,3669,9,1,10,1,0,1
292,1701,1,1.6,1,3,0,10,0.3,194,8,7,550,1338,2598,12,9,6,0,1,0
293,1975,1,1.5,0,6,1,16,0.9,128,8,11,80,655,2998,5,4,13,1,1,0
294,1765,0,1.1,0,3,0,11,0.7,87,2,7,835,1175,3695,6,5,18,1,0,0
295,717,1,0.5,1,4,0,10,0.6,198,1,5,217,1106,688,10,7,15,0,1,0
296,1372,1,2.7,0,7,0,34,0.4,193,4,17,687,937,725,11,3,20,1,0,0
297,1066,0,1.6,0,5,0,39,0.6,131,5,17,401,1586,2728,6,0,17,1,1,1
298,1494,0,1.6,0,3,1,45,0.8,158,5,4,449,790,3208,11,9,4,1,0,0
299,1709,1,2.1,0,1,0,13,1.0,156,2,2,974,1385,3283,17,1,15,1,0,0
300,1384,1,2.8,1,15,0,60,0.1,82,3,18,983,1210,1221,18,12,15,1,0,1
301,1320,0,2.1,1,0,1,41,0.6,144,7,2,123,1229,542,11,1,14,1,1,0
302,1509,0,0.6,1,5,0,50,0.3,81,4,8,1010,1684,1540,12,8,3,1,1,0
303,1347,0,1.5,1,10,0,56,0.3,95,1,19,398,1528,2456,13,0,13,1,1,1
304,1975,1,1.9,1,2,0,31,0.9,151,1,17,775,1607,3022,13,5,19,0,0,1
305,1160,0,1.1,0,1,1,63,0.7,166,3,2,762,859,595,18,4,15,1,0,1
306,1563,0,1.7,1,10,0,16,0.1,151,7,13,410,572,3922,11,1,8,0,0,1
307,1215,0,1.0,0,4,0,16,0.1,130,4,8,454,1473,2632,7,1,15,0,0,1
308,1827,0,1.7,0,4,1,39,0.5,128,5,16,55,1020,2844,14,9,10,1,1,0
309,1800,1,0.7,0,2,1,8,0.4,100,7,6,400,823,3481,10,8,8,1,0,1
310,1456,1,0.5,1,7,0,7,0.4,105,5,12,823,1104,1587,6,5,20,1,0,1
311,1086,0,2.7,0,0,1,24,0.1,135,8,19,1874,1976,3930,17,1,18,1,1,1
312,1034,1,2.7,1,6,0,37,0.7,120,7,20,707,1199,3625,17,1,12,0,1,1
313,1824,1,0.8,0,4,1,19,0.9,143,2,5,1055,1738,2381,14,1,5,1,0,0
314,1816,1,1.6,1,0,0,50,0.1,186,5,2,800,1089,3637,11,7,16,0,0,1
315,667,0,1.3,1,4,1,6,0.1,149,6,10,272,870,3566,9,5,12,1,0,1
316,1918,0,1.9,0,2,0,10,0.6,110,5,10,1170,1543,1717,7,1,16,1,1,1
317,1221,0,0.5,0,1,1,28,0.5,139,1,7,1895,1976,2438,13,11,10,1,1,1
318,1625,1,0.5,1,2,1,50,0.1,107,8,17,8,1219,670,16,3,8,1,0,0
319,1563,0,2.4,0,0,1,24,0.2,170,8,0,142,1699,3660,7,5,5,1,1,0
320,506,0,1.6,0,6,1,41,0.8,159,1,7,875,1025,2965,13,10,15,1,0,0
321,1561,0,0.5,1,10,1,4,0.5,134,2,13,885,1811,1783,13,12,10,1,1,0
322,1725,0,0.5,1,8,1,52,1.0,185,6,12,1125,1195,1243,19,18,5,1,1,1
323,1239,0,1.2,1,5,1,52,0.9,122,2,10,590,661,417,8,0,6,1,0,1
324,970,1,1.3,1,5,0,59,0.2,84,7,19,1765,1786,3675,12,0,12,0,0,0
325,1264,0,2.9,1,2,1,34,0.2,171,3,3,562,849,419,7,4,3,1,1,1
326,1068,0,0.5,1,0,1,19,0.9,197,8,9,322,875,1209,19,12,12,1,1,0
327,796,0,0.5,0,2,0,12,0.5,114,1,8,174,518,1075,7,3,2,0,1,0
328,680,1,2.4,0,13,1,34,0.4,157,2,17,686,1418,3845,15,1,4,1,1,1
329,1273,1,0.7,0,1,0,23,0.6,178,6,14,485,1399,558,8,5,13,1,0,0
330,1355,0,2.3,0,10,1,23,0.2,132,5,16,651,891,880,19,4,8,1,1,0
331,598,0,2.3,1,7,0,21,0.7,196,2,10,680,1173,3293,8,4,7,1,0,1
332,1053,0,2.9,0,7,0,42,0.9,126,6,17,419,1261,1339,17,0,14,0,0,1
333,1469,0,0.5,0,3,1,58,0.5,150,7,8,1699,1850,1571,17,16,2,1,0,0
334,1187,0,2.3,0,0,1,21,0.2,122,6,6,215,1125,2547,10,3,5,1,1,0
335,1396,1,0.6,0,0,0,37,0.7,134,4,15,560,1177,2694,18,3,19,0,0,1
336,880,0,2.0,1,1,1,50,0.5,194,7,3,1116,1381,827,15,9,6,1,0,1
337,1900,1,0.5,1,0,1,55,0.9,171,1,1,934,1241,3917,15,5,18,1,0,1
338,527,0,0.7,1,4,0,53,0.9,128,1,11,67,1924,1302,13,7,13,0,0,0
339,915,1,0.5,1,9,1,33,0.3,199,2,16,503,986,2156,7,3,13,1,1,0
340,1590,0,1.9,1,3,1,21,1.0,160,5,18,920,963,1701,11,4,4,1,0,1
341,635,1,0.6,1,1,1,50,0.3,97,5,13,193,989,2107,13,12,12,1,0,0
342,1330,0,0.9,0,6,1,52,0.8,84,4,12,462,1304,3269,19,6,8,1,1,0
343,1849,1,2.3,0,7,1,15,0.4,144,5,19,606,1123,3447,14,11,19,1,0,1
344,584,1,1.7,1,1,1,19,0.4,199,4,4,919,1343,3996,12,9,17,1,1,1
345,1620,1,2.2,1,0,1,30,0.2,185,3,3,832,1033,606,6,0,18,1,0,0
346,659,0,0.5,1,7,1,5,0.3,169,8,10,659,730,2190,16,10,16,1,1,0
347,586,0,2.8,0,2,0,15,0.2,83,3,11,241,854,2592,12,8,3,0,0,0
348,1395,0,1.8,1,0,0,23,0.1,111,3,1,213,705,2571,11,0,13,1,0,1
349,1655,1,0.5,1,6,1,4,0.1,105,3,12,626,1348,673,10,3,12,1,0,0
350,1110,0,1.5,0,2,1,12,0.3,153,8,5,961,1950,624,9,7,15,1,0,0
351,652,1,2.4,1,9,1,17,0.7,173,5,11,77,559,1974,12,10,12,1,0,0
352,912,1,2.0,0,1,0,54,0.3,161,8,5,329,1053,2330,19,5,20,0,1,0
353,626,0,0.7,1,2,1,23,0.5,187,2,9,90,1334,3458,7,5,11,1,0,1
354,763,1,0.5,0,9,1,51,0.3,104,5,12,273,1278,2865,11,6,9,1,1,1
355,924,0,0.5,1,0,1,47,0.3,167,8,6,108,1813,1620,17,15,12,1,0,0
356,1369,1,1.7,1,3,0,28,0.6,108,1,18,1451,1469,3206,16,15,4,0,0,0
357,1719,1,2.0,0,0,0,12,0.3,122,8,7,240,904,462,6,3,5,0,0,0
358,1043,1,0.5,0,7,0,42,0.1,111,3,8,716,1626,912,16,9,6,0,1,0
359,1396,0,1.5,1,0,1,44,0.1,118,6,1,173,1843,1386,7,1,8,1,1,1
360,1695,0,2.3,1,1,0,34,0.4,84,5,10,713,1742,3296,17,6,14,0,0,0
361,823,0,1.0,1,9,1,18,0.2,182,5,16,1180,1350,3894,13,10,9,1,1,0
362,1754,1,2.1,1,1,1,52,1.0,101,4,3,199,1452,3019,11,6,19,1,0,1
363,1142,1,1.2,0,0,0,2,0.6,114,6,0,623,769,1747,7,0,14,0,1,0
364,1944,1,1.8,1,0,1,31,0.8,87,4,10,1111,1362,2560,7,3,8,1,0,0
365,925,1,2.1,0,9,0,56,0.2,196,1,14,1262,1520,2466,8,0,5,1,0,0
366,640,0,1.3,1,5,1,6,0.6,143,8,20,976,1353,2711,15,7,8,1,1,0
367,1859,0,0.5,1,3,0,22,0.7,164,1,7,1004,1654,1067,17,1,10,1,0,0
368,1589,1,1.4,0,3,1,26,0.1,100,8,16,1673,1759,3970,16,8,18,1,0,1
369,1358,0,1.7,0,0,0,60,0.6,147,3,1,889,1635,440,14,10,13,1,0,0
370,1793,0,0.7,1,11,0,27,0.4,154,5,13,586,722,1370,16,3,19,1,0,1
371,1195,1,2.8,0,1,1,20,0.8,110,2,14,1580,1652,504,9,3,12,1,1,0
372,1908,0,0.5,0,9,1,30,1.0,111,2,19,140,1046,2944,19,17,17,1,0,1
373,868,0,1.7,0,0,0,30,0.8,83,4,0,276,1026,1653,11,7,17,1,0,0
374,1183,1,0.5,1,3,1,48,0.1,120,8,12,268,1010,1152,8,3,3,1,0,0
375,909,1,1.4,0,0,0,53,0.3,82,8,0,635,973,3187,12,9,4,1,0,0
376,1325,1,0.5,0,0,1,13,1.0,133,4,8,1353,1915,3707,19,3,18,1,1,0
377,671,0,0.9,1,10,0,30,0.7,105,7,17,852,1182,2504,6,4,15,1,0,0
378,1076,0,2.5,0,3,0,14,0.2,105,5,4,545,1300,2043,7,5,14,0,0,0
379,1487,0,0.5,0,6,1,57,0.7,84,3,12,140,768,2563,18,4,14,1,0,0
380,934,0,1.1,0,7,0,24,0.8,112,5,12,1111,1463,1017,12,7,9,0,0,1
381,1554,0,2.8,1,7,0,23,0.1,105,6,18,699,1492,2184,13,9,20,1,0,1
382,1996,0,2.5,0,5,1,51,0.4,122,4,9,671,1445,2236,8,7,12,1,0,1
383,615,1,0.5,1,0,0,42,0.6,163,6,4,104,1664,2211,7,4,18,0,0,1
384,1260,0,0.6,0,5,1,13,1.0,106,6,6,165,736,2710,13,1,8,1,1,0
385,794,0,2.5,1,15,0,14,0.6,197,3,19,312,1376,2171,19,8,18,0,0,1
386,857,1,2.0,1,3,0,17,0.2,195,7,9,157,948,3100,17,5,13,1,1,0
387,963,0,0.5,0,1,1,60,0.8,156,3,3,742,821,2722,12,6,16,1,0,0
388,854,0,1.0,0,5,1,17,0.9,101,4,9,730,1148,3115,7,0,2,1,0,0
389,748,1,1.7,0,0,1,27,0.9,150,8,4,450,1554,2126,18,9,7,1,0,0
390,1320,0,0.5,1,7,0,48,0.2,168,5,16,103,1583,2893,8,5,9,0,0,1
391,643,1,0.7,1,3,1,23,0.8,156,1,9,314,1400,2096,13,6,2,1,0,0
392,802,1,2.4,1,1,0,45,0.8,157,3,9,1299,1633,3713,8,3,8,0,0,0
393,1187,1,2.2,0,0,1,46,0.4,145,2,9,1173,1814,3917,13,11,8,1,0,1
394,623,0,2.0,0,2,0,6,0.1,127,3,4,144,672,3657,17,3,19,1,1,0
395,1694,1,0.6,0,0,1,34,0.3,102,7,7,377,549,2298,17,5,2,1,1,0
396,514,1,2.9,1,5,0,18,0.7,141,2,8,1083,1492,980,13,7,16,0,0,1
397,1688,0,2.5,0,0,1,21,0.2,170,7,0,650,864,3984,17,14,8,1,1,1
398,1193,1,2.3,0,7,0,20,1.0,158,7,13,1442,1904,1958,7,5,2,1,0,0
399,946,1,1.4,0,9,0,26,0.1,186,6,10,273,891,1637,7,3,6,1,0,1
400,1949,1,1.4,0,7,0,57,0.3,145,7,11,951,1178,356,5,3,19,0,0,0
401,1201,1,0.5,0,2,0,10,1.0,99,7,7,306,558,495,15,6,14,1,1,1
402,1021,0,1.3,0,7,0,9,0.7,192,2,12,901,1793,1355,6,1,14,1,1,0
403,986,1,0.8,0,13,1,28,0.8,182,4,20,199,679,1149,8,7,18,1,1,0
404,1550,1,2.7,0,2,0,32,0.1,126,7,5,1541,1619,1571,12,3,14,0,0,0
405,1692,1,2.1,0,3,1,61,0.9,176,6,12,975,1996,1354,16,7,19,1,0,0
406,1811,1,0.5,1,0,0,32,1.0,115,6,0,204,1132,348,17,11,18,1,0,1
407,1159,0,2.7,0,13,1,28,0.2,80,8,18,378,751,2495,10,0,9,1,1,1
408,1284,1,2.8,1,0,0,10,0.9,155,2,14,160,516,2197,16,2,9,0,1,1
409,1544,0,2.3,0,12,1,45,0.1,113,8,20,236,857,1300,8,7,18,1,1,0
410,1429,0,0.6,0,8,0,42,0.9,151,5,9,670,1552,1817,6,1,16,1,0,0
411,1000,1,0.5,0,12,0,63,0.7,179,8,18,1537,1761,3744,11,1,7,0,0,1
412,1057,0,2.1,0,4,0,5,0.5,154,5,13,416,1055,3705,6,4,13,1,0,0
413,946,1,2.6,1,17,0,5,0.1,166,3,20,1698,1771,3720,15,7,4,0,1,0
414,1472,1,2.3,0,6,0,61,0.1,168,6,19,710,1052,2677,19,15,8,1,0,0
415,1600,0,0.5,0,1,1,16,0.3,94,4,16,1315,1710,2073,9,5,4,1,1,0
416,648,0,1.9,1,4,0,8,1.0,91,5,19,819,1997,2991,8,7,4,0,0,1
417,1007,0,2.0,0,0,0,45,0.1,95,5,2,1186,1529,3648,9,0,16,0,0,0
418,1715,0,1.0,1,4,1,31,0.5,83,8,17,638,1615,625,17,6,13,1,0,0
419,1188,1,1.4,1,0,1,9,0.6,114,2,0,1339,1558,2896,12,11,16,1,0,1
420,1186,1,0.5,1,2,0,21,0.4,160,8,4,68,584,2361,17,8,7,1,0,0
421,512,1,0.5,1,7,0,15,0.9,83,3,15,249,1849,2610,18,14,15,0,1,1
422,1182,0,0.5,0,7,1,8,0.5,138,8,16,275,986,2563,19,17,19,1,0,0
423,503,1,1.8,1,1,1,13,0.7,131,1,4,1495,1688,3117,19,6,9,1,0,1
424,1783,0,2.9,1,2,0,42,0.7,104,6,8,1081,1979,387,14,5,3,0,1,0
425,892,1,0.5,0,0,1,47,0.4,94,1,18,655,1782,1241,12,3,9,1,0,1
426,1522,0,2.2,0,4,0,21,0.7,162,6,11,533,1696,3767,15,9,16,0,0,1
427,951,0,0.5,0,6,1,15,0.6,81,2,17,854,935,1083,16,11,16,1,1,0
428,1108,0,1.0,0,3,0,49,0.7,140,5,12,1298,1666,3254,12,0,16,1,0,0
429,1189,1,1.9,0,5,0,7,0.5,164,2,20,79,615,841,13,10,11,0,1,0
430,1303,1,2.1,0,6,1,10,0.4,109,8,15,1335,1873,2219,9,3,15,1,1,1
431,1546,1,0.5,1,3,1,6,0.2,101,1,4,91,1317,3521,15,11,9,1,0,0
432,1093,0,1.9,1,2,1,22,0.3,196,8,14,238,807,1869,8,5,4,1,1,1
433,511,0,0.9,1,15,1,24,0.6,136,3,18,367,1264,2378,18,3,4,1,0,0
434,1685,0,0.6,0,14,0,16,0.6,137,7,15,120,1429,881,6,3,17,0,1,1
435,772,1,1.2,1,7,1,8,0.6,134,7,8,552,1802,422,7,6,15,1,0,0
436,817,0,1.3,0,0,0,11,0.5,144,3,11,722,766,2039,11,6,19,0,1,0
437,1469,0,2.1,0,0,0,8,0.7,123,7,0,398,1133,1052,8,1,3,0,1,0
438,1218,1,2.8,1,3,0,39,0.8,150,7,14,1122,1746,1667,10,0,12,0,0,0
439,1162,0,2.0,0,0,1,56,0.7,114,7,1,56,997,1652,5,0,20,1,0,0
440,1747,1,0.9,0,6,1,48,0.7,94,3,19,947,1131,2362,17,2,19,1,1,0
441,1331,1,1.6,0,0,0,16,0.5,165,2,7,1109,1226,1026,13,5,20,1,0,1
442,1707,0,1.4,0,0,0,41,0.8,80,7,2,1331,1388,1774,12,0,10,0,0,0
443,1561,1,1.6,1,1,1,27,0.8,174,3,10,662,874,1205,12,7,3,1,1,0
444,720,1,1.4,1,0,1,61,0.6,96,7,8,1347,1733,2799,5,3,15,1,0,1
445,1081,1,1.9,1,13,1,42,0.1,101,7,17,83,816,2456,7,4,7,1,0,0
446,1595,1,2.6,0,7,0,12,0.3,121,8,19,344,655,3608,15,1,16,0,1,0
447,1721,1,0.5,1,4,1,33,0.5,128,4,5,871,1048,707,19,2,5,1,1,1
448,1166,1,0.5,0,7,0,59,0.5,80,1,11,437,638,3887,8,6,7,1,0,1
449,930,1,1.3,1,1,1,14,0.4,97,6,10,77,1025,2457,11,7,17,1,1,0
450,1345,1,3.0,0,7,1,38,0.1,162,3,11,512,1465,1322,9,2,15,1,0,0
451,1815,0,2.8,0,2,0,33,0.6,159,4,17,607,748,1482,18,0,2,1,0,0
452,1231,0,1.2,1,5,0,54,0.8,185,3,10,632,1184,1762,5,3,6,1,1,0
453,1565,1,0.5,0,0,0,38,0.1,121,5,1,781,1364,308,19,17,7,1,1,1
454,808,0,2.3,0,3,0,45,0.8,161,1,9,526,1324,3431,15,6,13,0,1,1
455,1413,1,1.7,0,2,0,10,0.2,200,6,6,314,1606,2867,5,4,15,0,1,0
456,983,0,1.8,0,0,1,53,0.9,187,1,4,1001,1176,1389,17,8,8,1,1,1
457,1724,1,1.8,0,0,1,9,0.8,100,2,1,655,828,3056,18,16,6,1,0,0
458,1180,1,1.2,0,5,1,50,1.0,144,4,20,925,1252,1464,7,3,20,1,1,1
459,713,0,1.6,0,4,1,63,0.7,89,2,8,103,1760,2082,15,10,12,1,0,0
460,1154,0,1.2,1,0,1,49,0.2,181,8,2,541,1499,978,5,3,7,1,0,1
461,1194,0,2.3,0,6,1,34,0.2,165,2,12,494,509,313,15,1,19,1,1,0
462,989,1,1.8,1,4,1,55,0.7,124,1,12,46,1069,1737,8,5,10,1,0,1
463,1589,1,2.2,1,2,0,58,0.1,128,4,4,957,1911,3961,16,14,14,1,0,1
464,1512,1,0.5,0,1,0,52,0.1,131,1,14,333,952,3002,6,5,7,0,0,1
465,1562,1,0.7,0,0,0,55,0.1,140,8,1,1032,1776,2096,15,3,3,0,0,0
466,1827,1,0.8,0,4,0,61,0.9,130,7,9,253,1764,2693,8,3,7,0,1,1
467,1582,0,2.8,0,2,1,44,0.5,112,6,13,1486,1797,3890,17,10,10,1,1,1
468,1312,1,0.8,1,0,0,24,0.9,156,6,0,115,1791,3833,14,13,17,0,1,0
469,1174,1,0.9,0,7,0,30,1.0,147,4,20,744,1244,804,17,14,16,0,1,1
470,1936,1,1.9,1,13,1,34,0.2,182,7,14,591,1089,1671,6,1,9,1,0,1
471,1430,1,0.9,0,3,0,56,0.1,179,3,5,569,906,752,17,8,17,0,0,1
472,618,0,2.1,0,2,0,6,0.3,86,1,4,1314,1688,1051,13,10,15,0,0,1
473,594,0,0.8,0,2,1,28,0.1,132,5,3,1011,1263,3087,16,4,4,1,1,1
474,1234,0,1.7,1,8,0,17,0.9,174,6,15,209,725,3351,12,9,19,0,0,1
475,1213,1,0.5,0,0,0,16,0.5,108,5,0,226,1248,2700,12,3,9,0,0,1
476,1539,1,2.6,0,0,0,41,0.1,159,8,0,1112,1666,2107,15,9,10,1,0,1
477,832,1,0.5,1,1,1,5,0.1,165,5,2,9,1944,3946,12,5,14,1,1,1
478,1062,0,1.5,0,3,0,45,0.2,151,3,4,798,1435,911,14,2,9,0,0,0
479,707,0,0.5,0,0,1,16,0.1,194,2,0,1027,1508,1853,17,14,12,1,1,1
480,609,1,3.0,0,15,1,44,0.3,117,1,16,58,1253,2581,15,11,15,1,0,1
481,1717,1,1.3,0,1,0,62,0.7,130,1,3,609,810,3226,6,4,5,0,1,0
482,930,1,0.5,1,3,1,34,0.5,190,4,16,1050,1726,2131,7,2,6,1,0,1
483,1524,0,2.6,1,5,0,57,0.5,124,2,12,629,635,947,11,4,16,0,1,1
484,615,1,2.5,0,0,0,10,0.8,131,6,9,1216,1786,2769,16,8,11,1,0,0
485,1656,0,1.0,0,5,1,34,0.1,166,3,7,880,1456,1629,15,12,14,1,1,0
486,1266,0,0.5,0,0,1,5,0.1,95,6,9,1365,1698,1687,11,0,18,1,0,0
487,576,1,2.8,0,2,1,10,0.2,184,5,7,513,1438,2938,6,0,5,1,1,1
488,1494,0,1.9,0,2,1,47,0.4,129,2,9,207,1177,3202,13,1,14,1,0,0
489,1549,1,1.5,1,0,1,27,0.4,113,5,7,632,1162,436,10,8,11,1,0,0
490,1090,0,1.3,1,5,0,27,0.1,91,4,16,1638,1910,1352,5,1,11,0,1,0
491,1497,1,0.7,0,5,0,32,0.7,92,3,9,1920,1933,1329,6,1,7,1,1,0
492,1236,1,2.8,0,6,1,32,0.3,143,4,18,492,1403,942,16,12,14,1,1,1
493,1949,0,2.6,1,4,0,47,0.3,199,4,7,407,822,1433,11,5,20,0,0,1
494,1793,0,1.8,1,10,0,12,0.5,169,6,17,1086,1418,3533,16,14,15,1,1,1
495,1453,0,1.6,1,12,1,52,0.3,96,2,18,187,1311,2373,10,1,10,1,1,1
496,1163,1,2.1,1,0,1,19,0.9,132,2,1,728,818,2940,13,0,15,1,0,1
497,1191,0,0.8,0,6,1,46,0.8,89,6,9,42,807,824,19,18,7,1,0,0
498,668,0,2.3,0,2,1,48,0.3,114,1,19,195,1292,1201,14,12,4,1,1,0
499,601,1,1.7,1,3,1,6,0.8,169,4,11,818,1827,2651,14,8,9,1,0,1
500,1339,1,2.3,1,0,0,40,0.1,123,2,1,212,1269,2382,6,4,7,1,0,1
501,1442,0,0.6,1,1,0,27,0.4,127,5,8,266,642,991,14,8,7,1,0,0
502,1158,0,0.7,1,1,1,29,0.7,123,2,20,311,1796,1542,17,9,15,1,0,1
503,541,0,1.0,0,0,1,10,0.4,127,4,0,1836,1873,1019,19,9,15,1,1,0
504,1254,0,1.7,0,0,1,45,0.4,146,3,3,1571,1956,606,7,2,2,1,1,1
505,1021,1,0.5,1,0,1,53,0.7,136,3,6,905,1988,2631,17,3,7,1,1,0
506,1807,0,0.8,1,0,1,38,0.2,97,8,0,1332,1814,1069,7,6,7,1,0,0
507,1265,0,1.5,0,7,0,49,0.7,182,5,16,690,836,1362,5,0,12,0,0,1
508,1133,0,1.4,0,3,0,42,0.1,199,5,12,730,1543,1457,18,12,20,1,0,1
509,814,1,1.1,1,2,0,41,0.8,177,2,10,1092,1406,1944,16,6,12,1,0,0
510,1272,1,2.5,1,0,0,22,0.9,133,6,8,605,669,2235,19,4,4,1,0,0
511,1715,1,0.5,1,1,1,18,0.1,96,6,3,674,1375,2598,17,2,3,1,0,0
512,1289,0,0.9,0,10,1,25,1.0,178,6,12,765,899,1043,6,2,11,1,1,0
513,1438,1,1.8,0,3,0,16,0.6,169,8,7,859,867,2246,14,11,15,0,0,0
514,1058,0,1.5,0,2,0,19,0.4,166,4,14,493,1247,418,9,7,16,0,0,1
515,1571,0,1.4,0,0,1,19,0.1,100,6,1,713,1398,666,12,10,13,1,1,0
516,672,1,0.5,1,0,0,54,0.9,95,4,11,578,1143,667,17,8,14,0,0,0
517,713,0,0.9,1,0,0,42,0.1,94,1,14,1048,1123,928,12,10,9,0,0,1
518,1994,0,1.5,1,2,1,7,0.5,146,8,7,447,1435,3622,7,0,20,1,0,1
519,1989,1,2.9,1,8,0,17,0.1,193,8,15,629,682,2369,7,0,18,1,1,0
520,1748,0,1.7,1,6,1,14,0.5,146,3,7,859,1234,3968,16,12,3,1,0,1
521,1945,0,1.2,0,3,0,26,0.7,112,6,5,1064,1540,3322,18,7,20,0,0,1
522,1003,1,2.9,0,16,1,16,0.6,119,8,19,190,1905,1798,16,7,10,1,0,0
523,1807,1,0.5,1,2,1,61,0.1,134,6,6,1734,1968,3726,8,5,15,1,0,0
524,882,0,0.7,1,9,1,28,0.2,151,6,16,248,884,751,19,11,8,1,0,1
525,1438,0,2.2,0,0,1,32,0.6,176,7,6,683,1663,869,19,13,9,1,1,1
526,1753,0,1.2,0,8,1,12,0.9,113,7,17,387,1595,1445,17,16,12,1,1,1
527,1779,1,2.6,1,2,0,5,0.8,90,1,3,1225,1717,1246,12,2,20,0,1,0
528,1799,1,0.5,0,0,0,49,0.4,107,4,2,632,1383,720,12,2,11,1,1,1
529,1129,1,0.8,1,9,1,21,0.6,116,2,10,1128,1702,1400,11,0,13,1,1,0
530,1159,0,1.5,0,3,0,36,0.4,104,4,8,717,1206,2115,8,7,18,0,0,0
531,1161,0,1.3,1,0,1,21,0.6,126,8,12,308,1169,3336,6,4,14,1,0,1
532,815,0,2.0,1,4,0,51,0.3,85,6,12,982,1291,3469,5,4,6,1,0,1
533,1979,1,2.9,1,0,1,19,1.0,176,3,9,1331,1532,411,8,2,2,1,1,1
534,1715,0,1.9,0,4,1,3,0.1,171,5,6,79,1652,514,7,4,13,1,0,0
535,518,1,2.4,0,0,1,62,0.6,128,6,0,489,710,2514,16,12,7,1,1,1
536,1461,0,2.4,1,3,1,40,0.5,141,7,4,1265,1298,3799,16,1,4,1,0,0
537,684,1,0.9,1,3,1,63,1.0,157,5,9,159,1738,3756,17,5,12,1,1,1
538,1830,0,0.5,0,0,0,7,0.9,191,6,12,460,1583,2334,8,7,14,0,1,0
539,1476,0,0.5,0,0,1,43,0.7,148,2,2,1789,1972,3644,15,10,6,1,0,1
540,840,0,1.2,1,5,1,15,0.3,178,6,8,526,1728,2636,12,2,6,1,1,0
541,912,0,0.5,1,0,0,58,0.3,107,5,1,165,1723,3573,17,3,20,1,1,0
542,1097,0,1.4,0,0,0,60,0.8,181,1,17,405,519,509,15,12,12,1,0,0
543,740,0,1.8,0,1,0,12,0.2,123,1,11,935,1147,1105,7,6,19,0,1,1
544,822,1,0.5,0,0,1,51,0.3,157,6,20,667,860,3846,10,1,3,1,0,0
545,1206,0,3.0,1,10,1,30,0.6,127,3,13,1581,1713,1825,7,1,4,1,0,1
546,1168,0,1.3,0,9,0,61,0.1,90,8,10,159,1578,3173,9,4,17,0,0,1
547,1907,0,2.0,0,13,0,55,0.9,105,7,15,713,1513,286,14,4,17,1,0,1
548,946,0,2.1,0,0,1,19,0.2,154,8,0,159,630,2104,7,4,16,1,1,0
549,1542,0,2.3,0,1,0,43,0.8,182,2,11,346,966,3601,14,4,16,0,0,0
550,1230,1,2.2,1,6,0,26,0.8,123,5,7,416,676,988,11,5,9,0,1,1
551,659,0,2.7,0,6,1,6,0.5,110,3,7,1054,1929,2044,15,5,2,1,0,1
552,979,0,0.5,1,0,1,5,0.5,164,7,2,793,1670,3449,5,2,14,1,0,0
553,1329,1,1.7,0,5,1,23,0.6,198,8,6,380,682,2308,11,10,9,1,1,0
554,1899,1,0.6,0,0,0,26,0.1,151,2,0,96,814,336,13,11,4,1,0,1
555,864,0,1.7,0,3,1,35,0.3,103,3,7,663,1805,1904,12,8,13,1,1,1
556,1245,1,0.6,0,2,0,30,0.7,105,5,3,330,1434,2676,17,8,7,1,0,0
557,1775,1,1.5,0,3,0,41,0.1,163,1,7,1633,1869,2343,19,13,14,1,1,1
558,1949,0,1.3,1,0,0,23,0.1,101,5,1,839,1136,2478,14,8,20,1,0,0
559,1197,0,1.3,0,3,1,20,0.5,149,6,7,649,1629,1797,19,5,4,1,1,1
560,1606,1,0.5,1,0,1,33,0.9,200,5,0,157,770,3437,11,1,2,1,0,0
561,875,0,0.7,0,2,0,23,0.1,110,7,7,300,1316,756,14,5,6,0,0,0
562,666,1,0.5,1,7,1,54,0.4,81,3,13,58,1353,1254,15,9,9,1,1,1
563,1180,1,2.5,0,0,1,27,0.1,90,6,1,168,540,348,7,5,19,1,1,1
564,1778,0,0.5,0,0,0,15,0.5,102,3,0,1445,1954,1214,5,0,14,1,0,0
565,850,1,1.6,1,6,1,29,0.5,133,5,19,404,642,593,19,17,10,1,0,1
566,727,1,1.5,0,0,1,32,1.0,131,7,1,813,1377,1891,19,13,7,1,0,1
567,1569,0,0.8,1,8,0,59,0.9,111,3,16,1261,1383,3672,15,2,15,1,0,1
568,1960,1,2.3,1,1,1,61,0.3,86,7,3,205,1299,3865,10,7,11,1,0,0
569,1166,0,1.5,1,0,1,43,0.8,80,4,1,205,603,3993,7,1,7,1,1,0
570,955,1,0.5,0,2,0,2,0.6,155,4,10,428,1254,1974,14,1,18,1,1,0
571,1994,1,0.7,0,5,0,5,0.4,189,2,7,86,1546,1836,12,11,18,1,0,0
572,1414,0,2.6,0,1,0,27,0.6,137,4,20,804,1564,312,5,2,8,0,0,1
573,1220,1,2.8,0,1,0,54,0.7,109,7,20,383,1249,1037,6,4,15,1,0,0
574,848,1,1.5,1,4,1,36,0.3,151,4,16,56,527,2289,10,2,19,1,1,1
575,1369,1,1.8,1,6,0,34,0.5,162,1,7,553,727,3856,18,4,18,0,1,1
576,1448,1,0.5,1,6,1,45,0.8,138,7,11,570,1724,3378,13,11,2,1,1,1
577,775,1,2.5,1,1,1,10,0.1,185,7,14,444,1555,1719,19,3,18,1,1,1
578,1189,1,2.3,0,13,0,8,0.5,198,3,14,379,932,893,9,6,13,1,1,0
579,659,0,1.4,1,2,1,3,0.1,85,8,6,190,657,967,10,1,14,1,0,1
580,1027,0,0.5,0,2,1,64,0.9,103,2,7,1698,1747,3786,17,12,12,1,0,0
581,1846,1,0.6,0,1,0,19,0.7,159,1,2,83,773,1333,15,6,11,0,1,1
582,1760,0,1.9,0,1,1,50,0.8,198,1,2,273,1704,2549,10,8,4,1,1,0
583,1702,1,2.3,1,12,1,47,0.6,107,2,19,1284,1643,595,10,0,19,1,0,1
584,1164,0,1.0,0,4,1,19,0.9,95,8,18,729,1704,3309,15,3,3,1,0,1
585,1225,0,0.7,1,0,1,2,0.6,138,7,1,217,1101,2675,12,11,15,1,1,0
586,672,1,0.6,1,13,0,61,0.1,194,5,20,724,1127,1457,14,10,20,1,0,1
587,1278,1,0.5,1,1,0,54,0.1,104,8,16,581,750,1155,7,1,20,0,0,1
588,1365,0,0.6,0,0,1,31,0.3,125,4,0,293,970,1300,14,7,13,1,0,1
589,1720,1,0.7,1,0,0,19,0.1,137,2,3,409,646,1222,13,2,7,0,0,0
590,574,1,2.0,1,0,1,26,0.5,118,6,2,382,1364,1303,8,4,2,1,0,1
591,644,1,2.7,0,0,0,22,0.7,157,8,3,311,881,1262,12,1,15,1,0,0
592,1893,1,0.5,1,1,0,23,0.1,179,8,3,1203,1432,1482,15,7,17,0,1,0
593,767,0,1.9,0,16,1,19,0.2,185,6,17,271,1000,2445,6,1,6,1,1,1
594,717,0,1.1,1,2,1,14,0.1,99,8,6,1878,1981,629,16,15,20,1,0,0
595,730,1,1.3,1,6,0,6,0.9,167,7,10,1096,1155,2812,10,1,17,0,0,0
596,600,1,1.8,0,9,1,6,0.8,199,2,15,486,1032,3495,17,4,7,1,1,0
597,1375,0,0.5,1,2,1,35,0.1,194,2,3,227,772,1947,15,13,15,1,1,1
598,831,0,1.7,1,7,1,26,0.7,177,5,11,511,621,1704,6,5,20,1,1,1
599,863,0,1.6,1,5,1,6,0.7,133,4,13,717,1799,520,10,2,18,1,0,1
600,1820,1,1.7,1,0,1,64,0.6,161,1,3,1157,1951,574,10,2,18,1,1,0
601,662,0,0.5,0,5,0,20,0.8,138,1,10,1001,1224,2125,17,15,15,0,1,1
602,1068,0,2.0,1,1,1,37,0.9,184,7,13,186,1998,1803,5,4,7,1,0,0
603,1348,0,2.0,0,18,0,52,0.3,98,3,20,1869,1942,955,18,11,7,1,1,1
604,1853,0,0.5,1,1,0,27,0.3,197,6,13,985,1005,1973,10,2,8,1,0,1
605,777,1,2.6,0,3,0,30,0.9,148,5,17,189,1143,3886,14,10,7,1,0,0
606,1945,0,1.6,1,0,1,57,0.3,195,4,1,743,1753,732,14,1,14,1,1,0
607,1299,1,2.8,1,0,0,64,0.5,83,6,6,46,908,1938,19,8,5,1,0,1
608,841,0,0.5,0,6,1,11,0.3,81,5,14,125,675,957,6,5,11,1,1,0
609,1776,1,2.1,1,10,0,35,0.1,172,4,16,278,623,1813,16,13,20,1,1,1
610,1082,0,2.3,1,11,0,2,1.0,101,4,20,398,724,2177,12,2,17,0,1,0
611,1631,0,0.9,1,2,1,3,0.1,198,7,12,177,1905,301,13,5,13,1,0,0
612,1253,0,0.7,0,0,1,34,0.9,113,4,10,161,647,3518,7,3,8,1,1,1
613,1804,0,0.5,0,9,1,22,0.6,153,7,19,1158,1244,3472,9,1,20,1,0,1
614,1337,1,2.7,1,0,0,5,0.7,200,4,1,161,1029,3242,10,1,20,0,1,0
615,1201,1,0.5,0,1,1,10,0.4,198,6,5,1151,1723,726,11,4,3,1,1,0
616,1664,1,2.9,1,9,1,15,0.5,177,7,19,1178,1929,1968,12,7,9,1,0,0
617,1523,1,1.8,0,6,1,11,0.1,129,1,8,148,1606,707,19,8,19,1,1,0
618,1379,0,1.1,1,1,1,18,0.2,129,2,16,838,885,2358,10,5,15,1,1,0
619,1424,0,0.5,1,16,1,23,0.6,80,4,18,1399,1663,1053,14,11,16,1,1,1
620,1444,0,0.6,0,2,0,48,0.5,82,5,17,1092,1554,2540,17,2,15,1,1,1
621,605,0,1.5,0,9,1,18,0.9,162,2,14,329,656,2301,15,9,8,1,0,0
622,686,1,2.7,1,0,0,36,0.1,194,4,1,64,745,1503,10,0,13,0,0,0
623,1054,1,1.8,1,3,1,40,0.8,196,7,10,27,774,2296,16,12,12,1,0,1
624,964,0,2.0,0,0,1,22,0.7,86,8,0,225,1234,2577,17,16,5,1,1,0
625,1623,1,1.2,0,6,1,61,0.9,120,7,12,1568,1832,1510,12,10,17,1,1,0
626,686,1,0.5,0,11,0,3,0.3,91,6,15,1109,1392,570,7,6,19,0,1,0
627,1998,1,1.2,0,8,0,31,0.6,196,8,19,50,1356,2311,17,9,18,1,1,0
628,1872,1,0.5,1,14,0,49,0.2,139,7,18,81,1389,3153,16,15,5,1,1,0
629,1615,0,0.5,0,14,0,15,0.1,132,4,16,622,1256,3488,16,2,3,0,0,1
630,904,0,2.7,1,4,0,19,0.6,147,6,7,1094,1496,545,19,18,16,0,0,0
631,1902,0,0.5,0,10,0,13,0.2,155,4,11,766,877,940,14,10,15,1,1,0
632,1595,0,1.9,1,1,0,63,0.9,88,1,20,1475,1988,908,18,13,6,0,0,1
633,1742,1,1.6,0,3,0,49,0.8,100,1,9,1134,1469,1947,5,4,6,1,0,1
634,794,1,0.5,1,0,1,2,0.8,106,6,14,1222,1890,668,13,4,19,1,1,0
635,1149,1,2.2,0,4,0,30,0.2,106,6,5,1617,1675,3755,17,14,8,1,0,0
636,1310,1,1.1,1,13,0,7,1.0,194,5,14,117,513,3182,8,4,5,1,1,0
637,914,1,0.9,0,2,0,4,0.8,100,2,12,191,1495,808,11,7,5,1,1,0
638,1224,0,0.5,0,16,1,6,0.4,109,6,18,747,826,506,10,0,11,1,1,1
639,547,0,1.9,1,1,0,37,0.4,154,5,4,371,541,2705,17,3,10,1,1,0
640,1900,1,2.0,1,1,0,41,0.5,190,8,6,912,1596,850,5,1,4,1,1,1
641,1802,0,2.7,1,0,1,10,0.6,101,7,9,253,590,696,14,7,3,1,1,0
642,1697,0,0.5,0,0,1,60,0.1,90,4,0,88,1046,441,15,1,11,1,1,0
643,1796,0,1.6,1,5,0,7,0.1,101,4,6,667,798,1642,9,4,3,0,1,1
644,829,0,0.5,0,0,0,56,0.6,129,7,1,91,1916,820,12,6,11,1,0,1
645,1266,0,2.6,0,1,0,18,0.4,86,7,2,1187,1595,398,16,8,3,1,1,1
646,1829,0,1.7,0,0,0,36,0.8,112,5,1,291,563,1475,11,4,7,0,0,0
647,1965,0,0.5,0,6,1,4,1.0,84,7,9,977,1660,3535,17,0,16,1,1,1
648,911,0,1.4,1,3,0,14,0.7,199,4,4,1563,1692,2933,16,3,11,0,1,0
649,1330,1,1.8,1,1,0,40,0.5,177,1,5,194,892,2678,9,4,14,1,1,1
650,956,0,1.9,1,1,0,42,0.1,133,7,11,403,1614,3700,10,0,7,1,1,0
651,1831,1,2.2,1,4,0,55,1.0,189,8,9,1693,1790,1133,14,3,10,0,1,0
652,1030,0,1.6,1,3,1,58,0.2,138,6,20,1111,1812,2858,6,2,18,1,1,1
653,1063,0,1.4,1,2,1,48,1.0,128,5,4,127,683,2910,15,13,9,1,1,1
654,1143,0,1.2,1,1,1,22,1.0,125,3,6,1116,1724,1214,12,5,16,1,1,0
655,1821,1,1.2,0,13,1,44,0.6,141,2,14,1208,1212,1411,8,2,15,1,1,0
656,709,0,2.4,1,1,0,11,0.1,130,5,11,119,1531,3568,16,14,3,0,0,1
657,534,1,2.5,0,1,1,21,0.3,164,7,9,347,1477,2706,7,5,18,1,1,0
658,1549,1,0.5,0,4,0,8,0.4,158,5,7,721,1514,1998,12,7,15,1,1,0
659,1602,0,1.6,1,0,1,35,0.1,99,7,7,1325,1800,1829,18,17,13,1,0,0
660,1745,0,1.5,1,4,1,57,0.1,159,3,16,1164,1908,2885,13,11,5,1,1,1
661,1694,0,1.8,0,0,0,53,1.0,186,6,0,1194,1208,1653,7,5,6,1,0,0
662,1451,1,0.5,0,5,1,57,0.6,181,8,12,812,1456,3038,15,7,18,1,0,1
663,1592,0,2.1,0,6,1,50,0.1,181,2,17,510,522,2103,19,8,7,1,0,0
664,827,0,1.1,1,2,1,18,0.9,160,2,16,448,821,1663,14,0,17,1,1,1
665,528,0,1.7,0,12,1,6,0.8,142,2,15,574,637,3256,9,8,6,1,1,0
666,1949,1,0.5,1,2,1,31,0.1,145,5,9,837,1182,832,7,3,19,1,0,0
667,1447,0,0.5,0,3,0,40,0.7,184,2,5,963,1062,471,8,4,20,0,0,1
668,1699,0,0.5,1,1,0,59,0.5,97,4,3,466,1768,3796,17,10,12,0,1,1
669,1504,0,2.3,1,1,0,64,0.9,182,1,2,19,1923,3059,6,5,10,0,1,0
670,665,1,0.7,0,0,1,31,0.1,185,5,2,496,1804,690,5,2,15,1,0,0
671,1658,1,1.4,1,0,1,38,0.3,159,5,0,51,739,2609,12,11,19,1,0,0
672,649,1,1.4,0,4,1,19,0.8,190,7,12,344,1551,739,18,1,2,1,1,0
673,768,1,0.9,0,16,1,56,0.1,113,1,20,418,515,952,19,3,16,1,0,1
674,835,0,1.1,1,2,0,7,0.2,101,4,7,323,1604,1181,13,5,15,1,1,1
675,1902,0,2.8,1,6,0,50,0.8,124,8,9,1142,1393,343,11,8,18,0,1,0
676,1646,1,2.3,0,8,1,41,0.2,185,2,10,1725,1932,3339,18,10,19,1,1,0
677,1279,1,2.5,0,5,1,7,0.5,105,6,6,560,1633,1150,7,2,7,1,0,0
678,1514,1,1.4,0,3,1,12,0.6,138,3,4,306,538,1037,15,3,15,1,0,1
679,1135,1,2.8,1,9,0,43,0.4,158,1,11,690,1589,3204,18,13,6,1,0,0
680,1178,0,2.2,1,6,0,57,0.3,84,3,17,96,1352,2492,16,14,10,1,1,0
681,1825,0,1.1,1,13,1,17,0.1,157,4,18,1621,1773,3130,12,4,2,1,0,1
682,1303,0,1.0,1,0,1,15,0.1,138,3,10,229,1604,2574,12,4,14,1,1,1
683,1430,0,0.5,1,1,0,27,0.5,183,1,16,1132,1182,2832,7,1,15,0,1,1
684,1260,1,2.0,1,2,1,23,0.2,123,7,10,905,1313,2208,12,11,10,1,0,1
685,1763,0,0.5,1,12,0,10,0.2,184,3,19,238,1893,792,17,12,13,1,0,1
686,1039,0,0.5,1,8,0,47,0.2,130,8,9,384,1878,1742,18,12,15,1,0,0
687,1464,1,0.5,1,11,0,12,0.9,117,2,14,854,1168,3927,5,3,15,0,1,1
688,1875,1,0.5,1,11,1,55,0.7,91,1,17,1802,1942,2712,7,2,6,1,0,1
689,1536,0,0.8,0,12,0,13,0.3,105,7,20,22,1634,2020,6,0,16,1,1,0
690,1224,1,1.6,0,9,0,33,1.0,157,1,18,522,563,3796,10,5,13,1,1,0
691,893,0,2.5,1,0,0,55,0.6,183,2,1,417,946,2986,7,1,6,0,1,1
692,1617,1,2.4,0,8,1,36,0.8,85,1,9,743,1426,296,5,3,7,1,0,0
693,1702,1,0.5,1,8,0,2,0.6,185,6,19,921,1351,435,12,9,3,0,1,1
694,623,1,0.8,0,6,1,26,0.3,197,7,12,484,1238,1769,10,1,16,1,0,0
695,1232,0,1.2,0,12,0,30,0.9,131,6,14,625,761,1656,8,4,15,1,1,1
696,1135,1,2.0,1,0,0,46,0.3,83,1,4,293,1846,3029,19,17,9,1,1,1
697,507,1,1.9,1,0,1,39,0.7,142,1,0,17,1084,2124,6,0,12,1,1,0
698,1726,1,0.9,1,2,0,51,0.6,193,4,3,379,1223,2239,13,9,13,1,0,1
699,726,0,2.2,0,0,1,40,0.8,94,4,20,323,978,1342,16,11,4,1,1,1
700,603,0,1.5,0,8,0,12,0.7,114,6,20,1003,1284,1543,7,5,19,1,1,0
701,1052,0,0.9,0,1,0,6,0.8,195,4,16,1191,1839,552,6,1,11,0,0,1
702,1197,1,0.5,1,9,0,20,0.1,129,5,10,214,1710,2885,19,7,14,1,1,1
703,1805,1,0.5,0,0,0,29,0.2,182,4,2,758,891,1276,19,4,17,0,1,0
704,994,0,1.2,1,4,0,40,0.9,164,2,17,296,839,3104,17,7,11,0,0,0
705,809,0,0.8,0,10,0,21,0.9,91,7,19,1453,1726,1274,18,7,3,0,0,0
706,875,1,1.4,1,1,1,43,0.6,104,8,3,902,969,3396,14,2,18,1,0,0
707,1281,1,2.3,1,0,0,28,0.3,148,1,6,1285,1617,1129,12,1,6,0,1,0
708,1864,0,1.4,0,8,1,46,0.7,178,1,12,168,981,2686,11,7,18,1,1,1
709,1403,1,2.5,1,3,0,62,0.9,90,4,13,217,1623,921,14,13,18,1,0,0
710,1872,1,1.9,0,5,0,35,0.6,111,3,14,1546,1879,2419,15,5,19,0,0,0
711,1617,1,2.6,0,14,0,29,0.9,113,6,20,283,676,3685,13,1,18,0,0,0
712,880,1,1.7,1,0,0,33,0.7,173,2,2,30,1350,1414,12,1,7,1,1,0
713,660,0,0.5,0,5,1,40,0.5,111,2,10,262,1178,588,6,5,18,1,1,1
714,614,1,0.7,0,4,1,51,0.1,178,7,7,1012,1040,2854,10,7,12,1,0,1
715,989,1,0.7,0,13,1,51,0.4,132,3,15,670,804,2349,10,1,20,1,0,1
716,1954,0,0.5,1,0,0,24,0.8,187,4,0,512,1149,700,16,3,5,1,1,1
717,1510,1,2.5,1,11,0,47,0.7,138,2,13,118,1170,887,18,6,5,0,0,0
718,812,0,0.5,1,1,0,64,1.0,106,4,7,35,1309,3102,6,0,2,0,0,0
719,1416,1,1.8,1,0,0,20,0.1,93,4,0,1175,1578,3872,10,2,7,0,0,1
720,1972,1,1.6,0,0,0,48,0.5,92,8,2,290,804,2872,7,2,11,1,0,1
721,1470,0,2.2,1,4,1,33,0.4,138,7,10,1790,1988,1633,18,4,4,1,0,0
722,1489,0,2.4,1,8,0,32,0.6,200,1,16,172,812,776,7,6,8,0,0,0
723,1718,1,2.5,1,14,1,6,0.1,183,5,16,564,980,3755,7,1,8,1,1,1
724,625,1,1.9,0,12,1,33,0.2,191,1,20,431,550,3801,10,6,2,1,0,0
725,1011,0,1.1,0,4,1,36,0.2,131,7,18,481,749,2261,7,6,16,1,1,1
726,1777,0,2.2,1,0,0,15,0.2,100,4,7,553,874,1552,10,8,10,1,1,0
727,1527,0,2.7,0,10,1,60,0.1,154,5,14,526,1116,2078,5,3,11,1,1,1
728,1504,0,1.9,1,7,1,25,0.3,152,4,9,395,1853,1788,13,11,13,1,0,1
729,994,1,2.8,1,0,0,56,0.5,173,3,3,491,530,3190,5,2,20,1,1,1
730,504,1,1.0,0,8,0,14,0.5,189,7,9,881,1129,1607,15,0,10,1,1,1
731,553,0,0.5,1,2,1,23,0.5,119,3,3,993,1517,2981,7,3,14,1,0,0
732,864,1,3.0,1,0,1,54,0.7,187,2,1,127,1670,3121,18,2,16,1,1,1
733,516,1,0.7,1,1,0,30,0.9,138,1,12,126,698,3731,17,13,15,0,0,0
734,1507,1,0.9,1,0,1,42,0.4,123,5,0,682,888,1486,15,3,19,1,0,0
735,808,1,0.5,1,3,0,46,0.5,105,8,15,119,529,1082,15,5,10,1,0,1
736,605,0,1.0,0,8,1,9,0.1,142,3,16,160,1026,392,15,6,4,1,0,0
737,1652,1,1.1,1,1,0,36,0.7,89,4,5,313,1264,2338,12,8,20,0,0,0
738,987,0,2.0,1,1,0,20,0.8,192,7,3,412,565,1454,11,3,8,1,1,0
739,1540,0,0.7,1,0,1,29,0.1,157,7,1,318,831,1161,11,8,5,1,0,0
740,1367,0,2.9,0,4,0,56,0.8,176,2,6,36,642,299,6,2,10,0,1,0
741,564,0,1.8,1,0,1,51,0.5,168,3,1,912,1980,1074,14,8,15,1,1,0
742,1550,1,2.5,0,6,0,21,0.8,133,2,11,268,832,2338,16,1,15,0,1,0
743,1045,1,1.2,1,3,1,40,0.1,175,6,7,1078,1564,2137,11,8,12,1,0,1
744,1792,1,1.0,0,3,1,62,0.3,170,7,8,1626,1913,2563,18,14,15,1,0,1
745,1343,0,2.4,1,5,1,14,0.9,81,8,10,1063,1205,462,18,7,11,1,1,1
746,513,0,1.9,0,8,0,27,0.4,174,8,13,282,710,3400,16,6,13,0,1,1
747,959,1,1.7,0,15,0,13,0.4,155,4,16,87,736,3328,10,9,10,1,1,1
748,972,1,2.7,1,1,0,5,1.0,126,4,2,687,816,3035,12,7,19,1,0,1
749,1296,0,1.4,1,3,0,11,0.2,129,7,4,1222,1382,2552,19,8,10,1,1,1
750,1283,1,0.7,1,0,1,27,0.2,80,4,6,1135,1923,3957,17,15,6,1,0,0
751,1100,1,1.6,0,12,0,15,0.1,112,8,14,919,1344,757,12,2,16,1,1,1
752,843,0,1.3,1,1,0,16,0.9,119,7,4,593,732,1734,17,8,14,0,0,1
753,839,0,2.0,1,0,0,14,0.4,175,7,3,564,1391,3835,15,8,11,1,0,0
754,1695,0,0.5,1,6,1,46,0.7,200,3,9,1791,1898,446,16,13,15,1,1,1
755,560,0,0.5,1,15,0,50,0.3,159,2,20,1448,1613,2150,18,12,11,1,1,0
756,1987,1,0.5,0,3,1,53,1.0,181,3,7,1052,1516,3117,18,5,8,1,1,1
757,1402,1,0.6,1,3,0,46,0.3,87,7,12,1081,1767,347,17,0,12,1,0,1
758,1057,1,2.7,0,3,1,41,0.1,97,4,10,397,891,2033,16,9,2,1,1,0
759,819,0,0.6,1,8,1,42,0.9,188,6,20,339,1242,1814,5,4,13,1,0,1
760,1971,1,0.5,1,0,0,40,0.3,186,7,19,485,922,571,8,7,17,1,1,0
761,1808,1,0.5,1,1,0,31,0.5,92,2,16,714,1208,2736,9,1,8,0,0,1
762,1657,1,2.4,0,3,0,42,0.1,198,5,16,1770,1796,2597,18,1,14,1,0,0
763,1619,1,1.9,0,2,1,21,0.4,138,1,9,46,562,1641,7,2,13,1,0,0
764,1866,0,0.5,0,13,1,52,0.7,185,1,17,356,563,373,14,9,3,1,0,1
765,1044,1,2.8,1,7,0,33,0.6,129,4,13,42,1262,1816,17,16,15,1,0,1
766,1146,0,3.0,0,5,1,57,0.4,111,5,10,73,583,291,19,9,11,1,1,1
767,1028,1,2.8,0,1,1,30,0.1,193,1,10,1801,1923,1424,18,4,13,1,0,1
768,1720,0,2.0,0,15,1,55,0.5,168,2,18,753,1353,2148,14,2,5,1,1,1
769,541,1,2.3,0,4,0,51,0.4,200,8,17,1012,1226,403,11,2,12,0,0,0
770,1097,0,2.1,1,6,0,64,0.2,161,3,8,419,1914,1725,14,5,9,1,0,1
771,907,0,1.4,1,3,0,42,0.2,151,1,16,171,507,584,11,9,6,1,0,0
772,638,0,1.7,1,11,0,27,0.5,102,4,17,1171,1383,2735,7,2,9,1,1,0
773,1204,1,2.6,0,0,0,10,0.3,199,7,3,480,1482,1724,11,2,19,1,0,0
774,1940,1,1.0,1,0,1,5,0.2,194,4,1,588,1809,820,19,18,3,1,1,1
775,1772,1,0.5,1,3,0,64,0.7,116,8,15,270,545,1834,5,2,20,0,1,1
776,1939,1,2.8,1,0,1,55,0.6,199,4,10,320,520,1047,14,10,18,1,1,0
777,1842,1,2.2,1,7,0,56,0.4,179,4,10,783,1227,3721,16,11,4,0,1,1
778,1533,1,1.1,1,18,1,17,0.3,160,4,20,1054,1393,2520,8,2,11,1,0,1
779,1660,0,2.8,1,4,0,7,0.8,184,1,6,76,1165,1531,12,0,7,0,0,0
780,1993,1,0.5,0,10,1,27,0.3,147,8,11,150,510,2437,14,0,9,1,0,0
781,1232,0,2.9,1,1,1,24,0.3,169,5,17,361,809,1257,16,10,16,1,0,0
782,732,1,1.3,0,5,1,32,0.4,163,8,7,1661,1836,3883,12,2,5,1,0,1
783,854,0,0.5,0,2,0,30,0.5,125,8,5,518,1152,2889,5,2,11,0,0,1
784,1823,0,2.8,1,11,0,10,0.6,81,8,19,362,1250,1812,5,0,19,1,1,1
785,936,1,2.3,0,5,1,57,0.2,129,2,6,657,938,2049,12,8,5,1,1,0
786,1689,1,0.5,0,11,0,9,0.5,150,5,15,467,675,2637,8,4,3,1,0,0
787,1067,1,1.7,1,0,0,58,0.5,135,7,0,79,681,706,12,9,16,0,1,0
788,519,1,1.6,1,7,1,51,0.3,132,4,19,550,645,3763,16,1,4,1,0,1
789,880,0,0.5,1,1,0,44,0.5,172,8,15,436,1302,3132,8,7,6,0,1,1
790,1356,0,2.8,0,0,0,29,0.5,198,6,0,1612,1983,3702,17,0,19,0,0,0
791,1844,1,2.3,1,1,0,51,0.7,158,8,3,533,882,1724,5,1,14,0,1,1
792,1489,0,2.1,1,0,0,9,0.4,169,3,1,923,1759,1663,9,3,14,1,0,1
793,1227,1,1.1,1,0,0,34,0.2,130,3,3,935,1781,1324,7,3,12,0,1,1
794,890,1,2.2,1,4,0,44,0.5,198,8,13,1074,1873,751,7,3,3,0,0,0
795,1924,0,2.6,0,0,1,59,0.9,136,6,0,1438,1923,3646,10,9,16,1,0,1
796,1087,0,1.3,0,0,1,16,0.3,166,3,9,295,589,690,14,6,6,1,0,1
797,1772,1,1.6,0,17,1,45,0.5,159,2,18,837,1405,1146,6,1,17,1,1,0
798,1811,1,2.0,0,3,1,22,0.2,82,2,8,358,614,2847,9,2,4,1,0,1
799,1325,0,1.9,0,2,0,50,0.1,146,1,10,499,695,2328,17,10,2,1,0,0
800,1581,1,1.0,0,9,0,41,0.4,172,4,19,693,850,1384,19,9,2,0,1,1
801,1323,1,2.5,1,10,1,28,0.2,131,4,12,162,619,1892,10,0,15,1,1,1
802,1615,1,2.8,0,3,0,9,0.9,117,1,13,542,678,2948,8,3,3,1,1,0
803,991,0,2.0,0,2,1,12,0.3,158,5,6,1209,1678,2014,11,9,10,1,0,0
804,1747,0,0.5,0,4,0,13,0.7,185,6,12,800,873,3105,7,1,10,1,0,0
805,932,1,0.5,0,1,1,60,0.7,104,4,2,268,1078,1459,6,1,19,1,1,0
806,1558,1,2.5,0,2,1,32,0.1,114,5,3,322,1385,878,16,5,17,1,1,1
807,615,1,0.5,1,7,0,58,0.5,130,5,8,1021,1958,1906,14,5,5,1,0,0
808,1856,0,0.5,1,0,1,24,0.1,155,5,1,277,1155,2052,17,6,10,1,1,0
809,1579,1,0.5,1,0,0,5,0.2,88,7,9,1358,1739,3532,17,11,12,0,0,1
810,636,0,0.5,0,8,1,28,0.9,152,2,15,148,742,2927,15,6,3,1,0,0
811,712,0,0.5,0,6,0,27,0.5,86,2,11,1245,1309,2001,11,10,12,1,1,1
812,1421,0,2.8,0,0,1,57,0.4,165,1,2,781,1657,2775,13,8,14,1,0,1
813,577,0,2.4,0,8,1,37,0.9,161,6,20,1087,1450,814,11,7,19,1,1,1
814,1202,1,2.4,1,0,0,19,0.1,122,2,1,404,1742,595,19,0,3,0,0,0
815,930,0,2.1,1,0,0,54,0.9,80,1,13,1569,1763,1743,7,1,9,0,1,0
816,1634,1,1.4,0,1,1,17,0.2,200,2,5,964,1677,3031,11,6,6,1,1,1
817,1436,1,2.4,1,3,1,23,0.3,106,5,4,189,1411,2488,8,4,8,1,0,0
818,797,1,2.9,1,4,0,38,0.5,90,4,6,763,1413,590,9,2,6,0,1,0
819,703,1,2.7,0,12,1,30,0.3,113,1,20,218,1065,1472,14,7,7,1,0,0
820,754,0,0.5,1,7,1,59,0.7,178,7,10,1914,1928,1027,6,3,5,1,0,0
821,798,0,2.4,0,5,0,4,0.2,96,3,9,526,643,2965,15,7,14,1,1,0
822,1559,1,1.6,1,6,1,6,0.5,162,6,17,179,1559,3352,9,1,3,1,1,1
823,757,1,0.9,1,4,0,64,0.5,157,7,5,114,819,3433,6,5,10,1,1,0
824,576,0,1.2,0,1,0,30,0.8,162,8,5,847,893,2800,11,6,16,0,1,1
825,1250,1,1.4,0,8,0,44,0.2,182,7,20,703,1011,1882,14,1,14,0,0,0
826,1270,1,2.3,0,0,0,58,0.5,104,5,1,1512,1716,3299,13,4,16,0,0,1
827,1288,0,0.5,1,3,1,61,0.2,115,6,6,988,1503,1882,16,6,10,1,0,1
828,1083,1,1.4,1,2,1,49,0.8,156,5,9,295,503,1338,16,8,5,1,1,1
829,565,0,0.6,1,1,0,50,0.1,158,2,8,543,703,2156,13,6,6,1,1,1
830,1528,0,2.4,0,2,0,37,0.2,156,8,3,306,564,733,15,0,14,1,1,0
831,790,0,0.5,1,7,1,44,0.1,89,8,8,1100,1437,3424,13,11,9,1,1,0
832,1156,1,1.2,1,0,1,50,0.8,159,2,0,322,547,470,7,0,15,1,1,0
833,1271,0,1.5,1,0,0,2,0.9,161,1,1,1260,1788,892,15,13,20,0,1,0
834,1829,1,2.1,0,8,0,59,0.1,91,5,15,1457,1919,3142,16,6,5,1,1,1
835,1583,0,1.2,1,0,0,14,0.2,148,2,4,1171,1673,2498,13,6,8,0,0,1
836,1515,1,2.1,1,4,1,24,0.9,176,5,6,747,1247,3104,6,5,20,1,0,0
837,637,0,2.3,0,3,1,60,0.8,97,4,4,1125,1989,374,18,4,8,1,0,1
838,1948,0,2.9,1,4,0,5,0.2,136,1,13,651,700,361,6,1,10,0,1,0
839,1547,1,3.0,1,2,1,14,0.7,198,3,19,1042,1832,2059,5,0,15,1,0,1
840,862,1,0.8,1,3,0,23,0.4,165,2,15,793,1758,278,16,3,11,0,0,1
841,1210,0,0.5,0,0,0,63,0.1,93,5,0,1177,1462,2394,17,9,7,0,0,0
842,1997,1,1.8,1,1,0,40,0.5,185,4,8,866,1212,1655,7,6,15,1,0,0
843,546,1,2.6,1,5,0,26,1.0,159,5,15,416,1658,1550,7,2,3,0,1,0
844,1497,1,0.9,1,4,1,10,0.1,153,8,20,98,977,3696,9,0,3,1,0,1
845,848,1,2.1,1,10,1,19,0.8,148,7,18,176,1029,3359,10,0,14,1,0,0
846,1484,0,3.0,0,3,0,12,0.6,134,3,5,916,969,1457,14,4,20,1,1,0
847,1425,1,0.6,0,0,1,33,0.5,89,3,2,396,1648,3771,10,3,9,1,0,1
848,676,0,2.2,0,1,1,39,0.2,84,1,5,864,1011,2064,13,7,6,1,0,0
849,764,0,1.0,1,9,1,45,0.5,124,8,11,52,539,1341,19,1,12,1,0,0
850,1911,1,2.0,0,7,1,64,0.6,163,8,8,1795,1958,3872,9,8,11,1,1,0
851,697,0,2.7,1,5,1,20,0.4,173,2,6,478,1477,259,12,6,4,1,1,1
852,685,0,0.5,1,8,1,13,0.8,82,7,15,1091,1203,3210,15,7,2,1,1,1
853,1231,0,0.7,1,2,0,7,0.9,113,1,7,43,1663,3119,9,4,15,1,1,0
854,682,1,0.5,0,4,0,19,1.0,121,4,11,902,1064,2337,11,1,18,0,1,1
855,702,0,2.6,1,2,1,9,0.7,141,3,3,504,1570,2955,10,4,19,1,0,0
856,1333,0,1.4,0,3,1,59,0.7,183,7,5,394,1301,3442,18,16,5,1,1,0
857,1660,0,0.6,0,2,1,24,0.8,169,2,3,223,1777,2402,12,10,14,1,1,1
858,1590,0,0.6,1,0,0,7,0.3,122,3,17,1464,1595,1201,12,3,18,1,1,1
859,723,1,1.9,0,4,0,30,0.3,102,1,7,1467,1901,2339,19,9,17,0,1,1
860,761,1,0.5,0,9,0,3,0.8,196,7,15,1325,1945,2248,19,3,15,1,1,1
861,1884,0,1.0,1,3,0,24,0.5,149,6,4,1168,1179,1396,15,8,9,1,1,1
862,1370,0,1.4,0,5,1,6,0.2,158,6,8,1392,1783,3703,13,10,11,1,1,0
863,1139,1,0.9,1,6,1,58,0.5,161,2,11,742,999,1850,9,4,8,1,0,0
864,1457,0,1.9,1,1,1,16,0.3,102,3,10,1013,1287,1440,17,8,12,1,0,1
865,798,1,0.5,1,7,0,2,0.8,148,2,15,497,627,3593,14,9,3,0,1,0
866,1176,1,2.1,0,2,1,62,0.5,168,2,10,674,1455,1534,6,2,17,1,0,0
867,1479,0,0.5,0,8,0,19,0.6,156,3,10,180,1476,3323,13,12,6,1,0,1
868,1270,1,0.6,1,2,1,32,0.5,101,7,6,299,845,3770,5,3,13,1,1,0
869,589,1,2.3,1,1,0,61,0.6,160,4,10,429,815,2113,13,7,2,1,0,1
870,1485,1,0.9,1,0,1,28,0.8,158,5,1,371,1023,3241,14,11,11,1,1,0
871,737,1,2.4,1,7,0,49,0.6,193,4,16,781,1463,2951,7,0,10,0,1,0
872,1517,0,2.5,0,2,1,8,0.8,169,4,18,570,1645,2738,18,16,12,1,0,0
873,504,1,0.5,1,5,0,16,0.1,166,1,9,767,1665,701,17,15,15,1,0,1
874,1023,1,2.3,1,5,1,30,0.2,80,8,7,5,1744,2086,10,0,19,1,1,1
875,838,0,0.5,0,1,1,13,0.1,196,8,4,984,1850,3554,10,9,19,1,0,1
876,1063,1,1.1,0,0,1,26,0.8,101,5,2,1208,1232,3809,17,16,5,1,0,1
877,1106,1,1.9,0,4,0,54,0.7,107,3,9,614,1212,2674,9,3,9,1,0,1
878,1205,1,2.7,0,5,0,10,0.1,163,6,10,321,1870,953,18,11,20,0,1,1
879,869,0,1.3,1,3,0,34,0.1,104,2,4,478,539,3864,13,3,11,1,0,0
880,687,1,1.3,0,9,1,50,0.6,151,4,20,584,1151,3416,14,6,8,1,1,0
881,1074,0,2.4,1,2,1,9,0.9,103,6,14,946,952,1948,13,1,18,1,1,1
882,930,1,1.0,1,4,1,4,0.9,144,8,10,1017,1289,2016,13,10,16,1,1,1
883,959,1,1.3,1,0,0,36,0.4,196,5,14,1313,1331,3073,19,1,8,1,1,1
884,1723,1,1.1,1,1,0,42,1.0,164,8,14,202,1791,3587,10,5,3,1,0,0
885,1748,1,0.5,1,11,1,53,0.5,114,4,20,718,1109,2633,16,0,9,1,0,0
886,1035,1,2.7,0,1,0,40,0.2,157,5,15,757,1912,3548,14,4,5,0,1,1
887,1642,0,0.5,1,16,1,8,0.3,171,6,17,129,873,2984,13,4,17,1,0,1
888,1004,1,2.9,1,0,0,35,0.2,141,6,9,901,1162,3772,17,8,18,0,1,1
889,1558,1,2.4,0,0,1,27,0.1,146,1,1,120,1409,3598,9,2,12,1,0,1
890,1027,1,0.8,0,7,0,18,1.0,146,7,11,338,534,1234,7,4,14,1,0,1
891,664,0,1.2,1,0,0,28,0.9,106,5,5,754,1497,2042,17,15,19,1,1,0
892,1584,1,1.3,0,6,0,41,0.6,135,4,15,160,1291,1561,10,5,17,0,0,1
893,825,1,1.5,0,11,0,38,0.4,94,3,18,540,783,716,11,4,14,0,1,0
894,1319,1,0.9,0,3,1,41,0.9,107,1,18,85,1152,2227,18,5,3,1,1,1
895,1670,1,3.0,0,14,0,62,0.5,114,8,20,1117,1330,3024,6,0,20,0,0,1
896,1310,0,2.3,1,3,0,15,0.2,150,5,11,954,970,2518,18,17,5,0,1,1
897,1379,0,1.1,0,5,1,36,0.8,200,2,7,538,1376,3426,5,4,17,1,1,1
898,858,0,2.2,0,1,0,50,0.1,84,1,2,528,1416,3978,17,16,3,1,1,0
899,658,1,2.7,0,0,1,12,0.9,103,7,3,1156,1750,3587,14,11,20,1,0,0
900,1759,1,1.4,0,10,1,15,0.4,101,4,13,382,1163,2107,18,5,16,1,1,0
901,855,1,0.5,0,2,1,59,0.5,159,2,3,1028,1196,1875,16,8,8,1,1,1
902,1576,1,2.0,0,0,1,20,0.6,148,3,0,410,1551,1379,17,1,16,1,0,1
903,1595,1,0.8,1,0,1,44,0.7,85,4,20,1024,1838,3881,14,10,9,1,0,1
904,1413,0,0.6,0,0,1,13,0.1,128,1,0,1323,1481,515,5,0,18,1,1,0
905,1602,1,2.8,1,4,1,38,0.7,114,3,20,466,788,1037,8,7,20,1,0,0
906,1520,1,2.2,0,5,1,33,0.5,177,8,18,151,1005,3826,14,9,13,1,1,1
907,568,0,2.0,0,1,0,36,0.3,179,3,4,181,1703,950,17,9,9,1,0,0
908,1496,1,1.3,1,0,1,6,0.5,85,3,9,549,1383,3571,16,1,11,1,1,1
909,1445,1,0.5,0,0,0,53,0.7,174,7,14,386,836,1099,17,1,20,1,0,0
910,1510,1,0.9,1,2,0,45,0.9,180,5,3,708,1752,3484,9,6,11,0,1,1
911,1446,1,2.8,1,0,1,18,0.3,178,8,1,351,1769,3340,8,0,16,1,1,1
912,942,0,1.4,1,8,0,27,0.5,91,4,9,754,1532,587,6,3,13,0,1,1
913,1934,1,2.6,1,0,1,46,0.1,103,1,17,619,1299,2940,13,9,2,1,1,1
914,1878,0,1.5,1,5,1,56,0.3,139,5,13,183,559,2711,8,2,3,1,1,1
915,1059,0,0.5,1,0,0,50,0.7,182,8,1,519,1545,619,5,3,18,0,1,1
916,1467,1,0.5,0,0,0,18,0.6,122,5,0,888,1099,3962,15,11,5,1,1,1
917,1872,1,0.9,1,0,0,16,0.5,80,2,2,286,1484,2295,15,11,16,0,0,1
918,1920,0,0.6,1,3,1,19,0.5,131,3,8,670,1152,3943,13,0,4,1,1,0
919,1749,1,0.5,1,7,1,49,0.8,178,1,8,470,775,2195,5,4,4,1,0,1
920,554,1,1.3,0,0,0,12,0.1,105,6,10,85,806,3764,10,7,4,0,1,1
921,683,0,0.7,0,5,0,19,0.9,173,4,17,954,1985,2622,16,3,5,0,0,1
922,1036,1,2.4,0,0,0,39,0.2,119,7,3,373,926,2101,10,7,2,0,1,0
923,1583,1,2.1,1,11,0,14,0.7,148,7,16,942,1651,1704,17,13,2,1,0,1
924,600,0,2.5,1,8,1,22,0.1,145,1,11,207,1162,3441,19,1,5,1,0,0
925,1339,1,0.5,1,10,1,21,0.5,80,4,11,833,1441,867,8,3,3,1,1,0
926,1596,0,2.9,1,7,0,7,0.7,149,2,9,169,1190,2493,14,12,13,1,1,1
927,1193,0,0.9,0,11,0,26,0.5,166,1,20,730,1729,536,17,14,4,1,0,1
928,793,0,1.2,1,1,1,38,0.6,176,4,7,1226,1815,3139,6,1,12,1,1,1
929,862,0,2.3,0,9,1,6,0.1,107,8,14,829,1977,3458,9,4,9,1,1,1
930,1191,0,1.3,1,16,1,26,0.8,84,1,20,681,683,1604,14,3,9,1,0,1
931,1285,0,2.4,0,1,1,51,1.0,140,7,2,475,500,2094,8,0,10,1,0,0
932,603,1,2.5,1,3,0,35,0.7,126,3,16,692,1057,3703,13,1,9,0,0,1
933,721,1,1.3,1,10,0,16,0.9,125,1,18,408,1862,1713,10,3,4,0,1,1
934,645,0,0.5,0,1,0,41,1.0,197,7,10,327,580,2962,12,9,4,1,1,1
935,1405,0,1.7,0,0,0,8,0.3,107,4,7,284,1036,2376,19,6,11,0,1,0
936,1148,0,2.3,1,0,1,58,0.3,170,5,20,606,688,3127,10,7,11,1,0,0
937,940,0,2.9,0,0,0,16,0.7,115,4,1,499,1090,2192,15,13,9,1,1,1
938,1517,0,0.5,0,6,1,48,0.6,143,5,14,802,1489,2822,15,5,11,1,1,1
939,1900,1,2.3,0,1,1,18,0.2,89,7,9,1055,1661,2871,12,1,13,1,1,1
940,965,1,1.5,1,5,0,13,1.0,109,2,14,130,998,1138,9,8,10,0,1,0
941,582,0,0.5,0,8,0,32,0.7,107,3,11,1043,1702,2977,6,1,20,0,1,1
942,772,0,2.6,1,7,0,6,0.1,100,2,10,741,1471,929,13,6,18,0,1,1
943,1853,1,1.0,0,2,0,23,0.4,92,1,15,202,1951,2775,14,4,17,1,0,0
944,1944,0,0.6,1,9,1,59,0.2,132,7,10,634,1079,769,19,13,3,1,0,1
945,1848,1,1.4,1,2,1,42,0.7,179,2,10,154,605,3902,11,9,3,1,0,1
946,1652,0,0.6,1,4,1,40,1.0,198,7,6,352,1084,3592,7,6,6,1,0,0
947,1056,1,2.1,1,8,1,37,0.7,101,3,11,914,979,2651,15,5,3,1,1,1
948,948,0,1.5,1,6,0,18,0.3,119,4,7,340,1728,2926,17,13,9,1,1,1
949,1191,0,2.4,1,2,0,13,0.9,169,1,7,179,1813,1028,14,6,8,1,1,1
950,1330,1,1.3,1,14,0,3,0.3,83,5,17,980,1262,463,14,6,11,0,0,1
951,852,0,1.8,1,5,1,8,0.8,160,5,9,683,1349,315,7,6,20,1,0,0
952,706,0,0.5,0,13,1,31,0.1,108,3,19,543,938,2419,8,7,4,1,0,1
953,1600,0,2.5,1,1,0,19,0.6,88,6,9,831,1713,1179,10,3,18,0,0,1
954,1887,1,3.0,1,6,1,17,0.2,126,8,7,1172,1798,3348,18,16,16,1,1,0
955,1547,0,2.9,1,6,0,45,0.7,166,2,8,583,590,505,12,2,3,0,1,1
956,1312,0,1.3,0,5,1,10,0.6,163,2,9,95,893,3941,6,2,13,1,1,1
957,1722,1,1.0,0,7,0,25,0.8,88,6,19,1179,1638,2376,5,1,19,0,0,1
958,1262,0,1.8,1,12,0,34,0.1,149,5,16,223,737,3248,13,3,4,0,1,1
959,1083,0,1.0,0,6,0,52,0.9,126,2,20,925,1469,681,19,18,19,1,1,1
960,1624,1,2.6,1,0,0,58,1.0,200,3,11,1530,1744,1251,13,4,18,0,1,1
961,1077,1,1.7,1,1,0,58,0.8,86,7,13,135,1892,3902,9,3,3,1,0,0
962,536,0,2.4,1,12,1,3,0.3,182,7,14,1386,1539,284,12,9,4,1,1,0
963,1526,0,1.1,1,2,1,38,0.3,116,5,6,798,1418,3317,7,1,8,1,1,1
964,986,1,1.5,0,1,1,23,0.8,183,8,3,471,800,2385,16,9,19,1,0,0
965,600,0,0.5,0,1,0,48,0.8,191,3,7,501,1465,3393,12,7,8,1,0,0
966,576,0,0.8,0,0,1,27,0.1,121,2,4,757,1518,1519,18,6,8,1,0,1
967,1552,1,2.2,0,6,1,13,0.2,123,6,9,269,1026,2403,9,2,9,1,1,1
968,1234,1,1.6,1,1,0,33,0.6,172,1,3,166,778,1449,11,7,6,0,0,1
969,856,0,1.9,1,0,1,14,0.6,115,1,7,395,1027,2439,6,3,12,1,1,1
970,755,1,2.8,0,5,1,51,0.3,186,4,12,315,990,2734,10,1,16,1,0,1
971,1199,1,2.5,1,15,1,16,0.2,116,4,20,1168,1552,3448,17,13,10,1,0,1
972,1656,1,1.6,1,0,0,16,1.0,117,7,2,320,899,2856,14,3,20,1,1,1
973,1530,0,2.0,0,11,0,42,0.8,177,6,13,454,1975,725,11,10,19,0,0,1
974,825,0,0.5,1,0,1,23,0.1,86,2,0,206,1917,3278,8,6,2,1,0,1
975,1628,1,1.8,1,11,0,56,0.1,136,2,13,500,1713,3358,17,11,12,1,1,1
976,1330,0,1.1,0,11,0,37,0.7,126,7,20,1103,1637,2166,10,1,4,1,0,0
977,818,0,1.3,0,14,0,43,0.9,177,6,15,111,510,546,12,6,7,1,1,1
978,1067,0,1.8,1,11,0,14,0.2,146,1,15,965,1009,966,5,0,13,0,0,1
979,1083,1,2.0,0,3,0,41,0.7,158,5,5,937,1164,1543,18,3,10,0,0,1
980,819,1,2.5,1,0,1,11,0.2,83,8,1,438,822,1094,10,5,15,1,0,0
981,832,0,0.7,1,2,1,39,0.7,103,4,3,125,1504,1799,5,2,11,1,0,1
982,1190,0,2.0,1,0,0,40,0.2,93,5,1,1399,1646,3610,13,7,9,0,0,1
983,1498,1,0.7,0,3,1,8,0.1,170,7,4,347,1076,3358,7,3,19,1,0,0
984,1837,0,0.5,0,9,0,36,0.9,162,4,20,786,872,770,14,1,15,0,0,1
985,1862,0,1.5,0,1,0,62,1.0,182,1,2,386,1046,1017,11,3,9,1,0,0
986,1109,1,2.8,1,6,0,57,0.9,151,1,12,124,833,2785,15,10,16,1,0,0
987,1312,0,0.5,1,0,1,28,0.8,163,2,0,1233,1854,1087,17,16,14,1,0,0
988,1648,0,0.7,0,6,1,64,0.8,170,4,9,1153,1876,610,8,1,6,1,1,0
989,999,0,2.6,1,11,1,56,1.0,165,4,13,342,1641,3083,8,4,11,1,1,1
990,1347,0,0.9,1,8,1,53,0.8,108,6,15,961,1008,3836,15,3,14,1,0,1
991,1275,1,0.5,1,3,1,5,0.2,152,1,9,19,501,3784,13,4,4,1,1,0
992,1359,0,0.6,0,4,0,59,0.3,86,2,6,1692,1902,3142,19,3,17,0,1,1
993,1368,0,0.5,0,10,1,42,0.2,91,1,20,907,925,1590,12,0,14,1,0,0
994,723,0,0.5,0,0,1,3,0.2,168,4,3,920,1748,1851,15,3,16,1,0,0
995,1742,1,0.5,1,5,1,43,0.9,176,3,7,356,1407,1921,9,2,3,1,1,0
996,1250,1,1.5,0,14,1,20,0.4,167,5,18,11,1020,3314,6,5,6,1,1,1
997,1914,0,0.7,0,1,0,35,0.6,118,8,2,942,1701,643,17,1,8,1,0,1
998,1084,1,2.6,0,3,1,40,0.9,107,3,11,322,771,1945,15,4,10,1,1,0
999,774,1,2.8,0,7,1,55,0.9,124,3,18,8,896,3916,8,1,12,1,1,0
1000,1449,1,0.5,1,0,0,52,0.6,105,6,0,211,947,2036,5,1,10,0,1,0
1001,1568,1,0.5,0,16,0,33,1.0,150,8,20,413,654,508,5,1,6,1,1,1
1002,1203,1,0.5,1,0,1,11,0.9,109,2,12,35,510,1672,17,13,19,1,1,0
1003,1934,1,2.7,0,8,1,2,0.1,118,4,16,242,1127,2190,18,1,9,1,0,1
1004,1424,1,2.9,1,0,0,20,0.6,180,5,0,181,1199,2658,15,0,19,1,0,0
1005,1254,1,2.3,0,0,1,44,0.2,149,1,10,204,1021,3011,7,4,12,1,1,0
1006,1788,1,0.5,1,15,1,2,0.3,150,6,20,472,1073,2655,12,2,4,1,0,1
1007,1445,0,2.2,1,2,0,37,0.4,82,2,6,527,1393,3480,17,16,17,1,1,1
1008,1686,1,0.5,1,4,0,28,0.8,182,5,8,599,1073,780,11,10,5,0,0,0
1009,1211,1,1.2,0,0,0,28,0.3,130,2,3,58,963,2750,6,1,14,0,1,0
1010,1959,0,0.5,1,5,0,18,0.7,191,6,20,65,1055,619,7,4,8,1,1,1
1011,1928,0,2.6,0,5,0,5,0.8,162,5,16,229,1004,696,14,12,15,1,1,1
1012,1433,1,2.3,0,2,1,5,0.1,129,5,11,420,784,2132,18,15,19,1,0,1
1013,932,0,1.3,0,1,0,64,0.7,154,7,2,1176,1224,3817,8,7,9,1,1,1
1014,826,1,2.4,1,0,1,58,0.3,88,4,1,179,786,2863,9,3,18,1,0,1
1015,853,1,2.0,0,10,1,3,0.6,200,2,16,674,740,3701,15,8,8,1,1,0
1016,1944,1,0.5,0,1,1,26,0.5,92,4,9,313,712,2322,19,8,7,1,0,1
1017,1571,0,2.9,0,1,0,30,0.9,150,7,3,805,956,586,10,9,4,0,1,1
1018,570,1,0.5,1,2,0,9,0.3,111,7,5,1331,1917,3663,14,10,14,0,0,0
1019,558,1,2.8,0,1,1,49,0.8,142,5,4,997,1605,392,10,5,8,1,1,1
1020,1219,0,1.6,1,5,0,4,0.3,169,6,7,1419,1698,1998,9,2,4,0,0,0
1021,1768,1,2.0,0,0,1,2,0.8,88,7,2,1303,1814,3256,9,6,5,1,1,0
1022,1397,0,2.4,1,5,1,3,0.2,121,3,15,433,1658,1378,18,15,4,1,1,1
1023,972,1,1.7,0,0,1,54,0.7,107,3,4,681,1050,1900,16,8,19,1,0,1
1024,530,1,2.6,0,1,0,40,0.9,118,6,2,818,1090,1229,16,11,2,0,1,0
1025,502,0,0.8,0,7,0,52,1.0,82,6,8,281,1159,2666,5,4,20,1,1,0
1026,659,0,2.2,0,0,1,24,0.7,151,8,2,924,1877,3925,8,1,10,1,1,1
1027,1230,1,1.6,0,0,1,48,0.7,111,7,2,1960,1963,1622,18,17,16,1,1,1
1028,1126,1,2.4,0,2,1,10,0.4,160,6,3,1223,1611,2050,7,6,12,1,1,1
1029,1697,1,0.7,0,1,1,34,0.1,95,1,3,236,1264,3701,15,9,8,1,1,0
1030,1336,0,0.9,0,5,1,17,0.2,194,5,9,55,583,1869,13,1,16,1,1,1
1031,1407,1,2.4,0,1,1,22,0.7,104,4,4,1172,1217,2192,9,7,13,1,0,1
1032,1807,1,2.1,0,2,0,49,0.8,125,1,10,337,1384,1906,17,13,13,0,1,1
1033,1659,0,2.8,0,5,0,16,0.6,89,1,20,819,902,3255,19,14,9,0,0,1
1034,586,0,1.4,1,10,1,8,0.5,142,8,14,116,598,3178,9,7,10,1,0,1
1035,1708,1,2.4,1,18,1,49,0.1,109,1,19,233,517,3388,6,4,16,1,1,1
1036,891,0,0.5,1,9,1,25,0.3,196,2,19,375,1724,2073,7,1,10,1,0,1
1037,1046,1,2.8,1,0,1,58,0.2,100,8,0,259,1040,3863,17,12,9,1,1,1
1038,831,1,0.7,0,2,1,62,0.7,134,8,9,1482,1490,2573,16,12,18,1,0,1
1039,1330,0,0.5,0,0,0,38,1.0,183,7,1,1290,1441,1733,9,0,11,1,0,1
1040,1266,0,1.9,1,0,1,7,0.2,184,3,12,346,1468,2532,10,5,4,1,1,1
1041,668,0,0.5,1,0,0,3,0.1,155,5,13,666,1203,2746,9,5,8,1,1,1
1042,757,0,2.3,1,5,1,58,0.2,163,4,7,535,697,3237,19,12,9,1,0,1
1043,1811,0,2.9,0,0,0,33,0.2,132,8,2,1099,1553,2610,8,3,13,1,1,0
1044,1122,0,1.2,0,9,0,2,0.6,120,4,14,331,790,3291,11,2,13,1,1,1
1045,1008,0,0.8,0,11,0,61,1.0,114,3,15,1077,1122,2009,10,3,11,1,0,0
1046,1163,1,1.9,0,6,0,2,0.9,133,5,20,919,1076,1568,14,0,19,1,0,0
1047,1776,0,2.2,0,2,0,20,0.9,82,6,16,1563,1803,2671,15,10,12,0,1,1
1048,1417,1,0.5,0,10,1,45,0.9,166,4,19,364,1029,2129,13,9,12,1,0,1
1049,712,1,0.5,1,3,1,35,0.2,84,2,10,558,1208,2190,16,12,4,1,1,1
1050,832,0,1.6,1,1,1,34,0.3,108,5,5,311,1294,447,15,13,12,1,1,0
1051,775,1,2.6,0,0,0,30,0.4,189,7,10,561,1510,2523,17,16,9,1,0,1
1052,915,0,1.1,0,6,0,56,0.6,187,8,17,532,1448,905,19,10,12,0,1,0
1053,1065,0,1.7,1,4,1,48,0.3,162,6,8,1188,1948,265,8,0,12,1,0,0
1054,1575,0,2.5,1,0,1,11,0.2,185,7,20,492,818,2182,7,3,17,1,1,0
1055,1510,0,0.6,1,1,0,32,0.7,135,3,8,963,1520,854,8,2,10,1,0,1
1056,874,0,1.3,0,5,0,8,0.5,185,1,20,442,1248,582,6,4,15,0,0,0
1057,1790,0,2.5,1,9,0,2,0.1,184,1,14,622,792,1366,7,0,20,1,1,1
1058,1855,0,0.5,0,5,0,32,0.6,187,8,18,267,1161,3933,7,0,7,1,0,1
1059,595,0,2.6,0,0,1,20,0.4,122,2,18,623,816,1593,19,11,2,1,0,1
1060,1450,1,2.7,1,9,0,19,0.6,131,1,17,707,1882,575,15,9,12,0,0,0
1061,618,0,0.6,0,8,0,16,0.2,143,1,14,1105,1602,2262,16,15,4,0,1,0
1062,1778,0,1.4,1,3,1,45,1.0,132,4,17,88,516,1624,15,13,9,1,1,0
1063,903,0,1.0,1,0,1,50,0.4,91,1,0,1230,1235,711,9,5,10,1,1,0
1064,1075,0,0.5,1,2,0,11,0.2,122,1,16,271,1769,3927,8,3,7,1,0,0
1065,1851,1,1.9,1,3,1,12,0.9,198,6,11,293,1967,735,7,6,14,1,0,1
1066,1095,1,2.6,1,0,1,44,0.7,103,4,5,838,1066,3209,13,11,8,1,1,1
1067,1414,0,0.5,0,0,1,15,0.8,168,2,0,294,1233,1069,18,6,14,1,0,0
1068,510,0,2.6,0,0,0,33,0.1,110,6,10,1052,1897,1693,6,2,5,0,1,0
1069,1412,0,0.6,0,9,0,57,0.2,86,3,10,2,660,1853,15,10,18,0,0,1
1070,1210,1,1.6,1,9,0,57,0.5,111,4,20,329,1039,1886,16,0,17,1,0,1
1071,1876,0,0.5,0,10,1,40,0.3,86,6,14,546,1564,2513,10,8,16,1,1,0
1072,1137,1,1.0,0,18,0,7,1.0,196,3,19,942,1179,3616,13,5,12,1,1,1
1073,805,1,1.7,1,0,1,58,0.9,168,3,10,81,1544,3397,7,6,2,1,0,0
1074,1425,0,1.2,0,9,1,35,0.7,127,8,14,150,1897,590,13,2,6,1,1,1
1075,1251,0,0.5,1,10,1,29,0.7,133,6,16,308,591,1052,11,9,11,1,0,0
1076,1512,0,0.9,0,4,1,46,0.1,145,5,5,336,670,869,18,10,19,1,1,1
1077,1154,0,1.1,1,2,1,5,0.2,98,1,13,539,1240,1470,12,0,12,1,0,0
1078,1648,1,0.5,0,1,1,17,0.9,142,2,3,1119,1238,1184,6,2,2,1,0,1
1079,1117,1,0.5,1,2,0,21,0.1,177,2,19,495,1035,1999,15,9,2,1,0,1
1080,1048,1,0.9,0,10,1,28,0.8,194,2,19,966,1975,1458,5,1,15,1,0,1
1081,1349,1,2.1,1,3,0,46,0.9,134,6,12,212,623,2367,11,7,10,1,0,1
1082,504,1,2.8,1,2,0,54,0.4,163,2,10,1207,1539,2378,17,11,2,1,0,0
1083,1334,1,2.4,0,5,1,42,0.6,115,5,14,1187,1974,2542,10,1,8,1,0,0
1084,1248,0,2.4,0,6,1,9,0.4,89,3,8,71,1686,2454,9,8,13,1,1,0
1085,1130,1,2.5,0,4,1,58,0.1,132,5,14,88,1261,1018,17,1,16,1,0,0
1086,1184,0,1.5,1,1,1,48,0.6,191,1,6,519,1577,3315,17,7,14,1,1,1
1087,1328,1,0.5,0,5,1,27,0.3,144,3,18,602,1156,2674,7,2,5,1,0,1
1088,1483,1,2.2,0,3,1,53,0.7,169,5,11,291,651,1744,6,3,10,1,0,0
1089,1589,0,0.6,0,0,0,5,0.8,112,5,2,776,1397,3430,7,5,19,1,1,1
1090,728,0,1.7,1,0,1,5,0.6,101,2,20,584,775,834,16,0,5,1,1,0
1091,635,1,0.5,1,2,0,42,0.4,149,3,4,300,1059,2973,12,5,18,0,0,1
1092,826,0,0.5,1,0,1,57,0.5,135,2,0,354,530,323,17,3,7,1,0,1
1093,673,1,1.7,1,3,1,22,0.1,88,1,5,594,1088,2050,7,2,17,1,1,0
1094,902,1,0.6,1,0,0,63,0.7,122,5,14,364,1360,3654,18,8,15,0,1,1
1095,1698,0,2.1,0,5,1,18,0.9,160,6,20,363,994,796,13,3,14,1,0,1
1096,843,1,0.5,0,1,1,56,0.1,147,5,17,140,800,2341,10,1,20,1,1,1
1097,1177,0,0.9,0,1,0,11,1.0,181,4,7,945,1923,1887,8,5,11,1,1,1
1098,1946,0,2.7,1,8,0,8,0.3,123,8,19,647,1849,3117,6,0,2,1,0,0
1099,980,1,0.5,0,0,1,33,0.9,160,6,0,1008,1758,2268,7,5,4,1,1,0
1100,1472,0,2.8,1,1,0,36,0.5,130,6,10,1452,1744,985,12,11,7,1,1,0
1101,1015,1,0.8,0,5,0,12,0.5,102,3,14,335,679,2293,5,1,2,0,1,0
1102,1068,0,0.7,1,9,0,51,0.5,124,4,15,1405,1910,550,12,8,6,1,1,0
1103,1972,0,1.2,1,0,0,37,0.7,102,2,1,715,1648,2870,16,0,17,0,0,0
1104,532,1,0.8,1,3,0,8,0.1,193,5,10,1213,1354,728,13,5,8,1,1,0
1105,1048,1,1.5,0,2,1,29,1.0,182,1,4,29,1670,2146,11,10,2,1,0,0
1106,1992,1,0.6,1,11,0,2,0.1,141,1,14,649,895,3206,10,9,10,1,1,0
1107,1190,1,2.2,1,9,0,47,0.3,186,6,10,1417,1441,624,9,3,19,1,1,1
1108,1588,0,0.5,0,0,1,61,0.8,159,1,13,1064,1594,3272,18,0,17,1,1,0
1109,1218,0,1.8,1,1,1,14,0.5,147,3,4,229,616,398,17,0,5,1,0,0
1110,1918,0,2.8,0,1,0,22,0.3,139,1,5,381,1203,1369,9,6,6,0,1,1
1111,559,1,0.5,0,10,0,11,0.4,82,5,14,541,823,2019,10,4,16,1,1,1
1112,1426,0,1.6,0,4,1,12,0.7,174,5,16,1573,1694,1277,14,9,5,1,0,0
1113,1005,0,0.5,0,0,0,46,0.4,133,8,17,176,1556,3884,17,0,20,0,1,1
1114,1786,0,0.5,0,9,1,58,0.7,161,7,10,231,1671,2764,9,3,7,1,1,1
1115,1394,1,0.9,1,10,1,62,0.3,175,5,13,1010,1565,473,11,1,20,1,1,0
1116,1630,1,2.8,1,0,1,32,0.9,80,6,1,712,1726,1751,12,10,20,1,0,1
1117,1627,0,0.9,1,9,1,32,0.1,180,6,16,52,1082,3206,12,6,16,1,1,0
1118,635,1,0.5,0,9,0,16,1.0,110,7,17,599,1299,2452,19,17,8,1,0,0
1119,867,0,1.4,1,0,1,4,0.7,135,6,1,70,1974,790,13,6,3,1,1,0
1120,1702,1,2.3,0,12,1,52,0.5,145,2,15,1397,1491,2501,16,12,4,1,0,0
1121,1784,0,1.6,0,4,0,41,0.4,164,6,20,610,1437,2313,14,1,11,0,1,0
1122,730,0,2.1,1,0,1,4,0.1,89,8,2,302,1247,1210,19,15,4,1,1,1
1123,1709,1,0.8,0,8,1,58,0.8,136,2,10,956,1292,1781,18,3,17,1,0,0
1124,1263,1,1.4,1,1,1,32,0.4,103,2,2,409,644,3372,18,13,10,1,1,0
1125,1347,0,2.9,0,5,0,44,0.6,132,1,14,434,967,2484,18,2,11,1,0,1
1126,1896,0,0.5,1,8,1,7,0.4,141,2,13,447,794,3684,9,7,18,1,0,0
1127,1413,1,0.5,1,4,1,45,0.4,104,5,6,1949,1994,2973,17,8,15,1,0,1
1128,1170,0,2.9,1,2,0,40,0.4,169,6,5,427,684,2366,16,8,2,1,1,1
1129,1677,0,1.8,1,4,0,11,0.7,124,6,8,271,1477,3771,15,6,12,1,0,0
1130,920,0,2.1,1,5,0,25,0.4,115,7,14,209,1078,785,10,7,5,0,1,1
1131,1849,1,0.5,0,1,0,29,0.5,181,7,12,978,1986,3330,14,4,15,1,0,1
1132,894,0,0.7,0,2,1,58,0.1,123,2,3,158,747,3305,12,7,2,1,0,0
1133,913,0,1.7,1,1,1,41,0.3,103,1,14,431,1144,2278,15,3,18,1,1,0
1134,1414,1,1.5,1,5,0,44,0.5,180,2,6,44,1118,3490,16,12,13,0,1,0
1135,865,0,2.9,0,5,0,16,0.1,89,4,12,335,1009,3494,13,3,14,0,0,1
1136,1866,1,2.5,1,3,1,47,0.8,89,5,9,358,1782,1444,7,4,20,1,0,0
1137,1541,1,1.5,1,6,1,5,0.5,109,4,10,536,1656,1795,7,3,4,1,1,1
1138,1786,0,1.2,0,11,0,61,0.1,123,3,14,74,865,3033,14,11,17,0,1,0
1139,744,0,1.7,1,0,1,33,0.5,105,4,2,1252,1963,2700,9,3,19,1,0,0
1140,603,1,0.7,1,0,1,64,0.2,156,6,0,1842,1968,604,10,4,8,1,1,1
1141,544,1,0.5,1,2,1,7,0.2,129,5,15,227,610,1675,13,4,17,1,1,0
1142,909,1,0.7,1,7,0,47,0.1,146,3,9,410,1643,1244,14,10,16,0,1,0
1143,1092,0,2.7,1,8,0,45,0.8,185,1,10,1404,1424,1303,12,3,20,0,1,1
1144,995,0,1.3,1,1,0,10,0.1,104,4,3,258,1889,609,11,3,5,1,0,1
1145,1708,0,0.8,0,8,1,14,0.9,197,4,16,263,1345,1247,19,16,16,1,0,0
1146,1854,0,0.9,1,0,1,33,0.4,195,1,0,665,718,1675,14,12,9,1,0,1
1147,1961,1,1.5,0,10,0,55,0.5,100,7,20,861,1888,2355,14,7,6,1,1,1
1148,799,1,2.3,0,1,1,63,0.8,144,8,6,361,975,431,15,6,6,1,1,1
1149,1487,0,1.5,0,5,1,42,0.8,120,2,7,857,989,2003,12,4,3,1,0,0
1150,695,0,0.5,0,18,1,12,0.6,196,2,19,1649,1829,2855,16,13,7,1,1,1
1151,1089,1,0.9,1,12,1,2,0.7,145,5,15,636,1259,2765,13,12,10,1,0,1
1152,1436,0,2.5,1,0,1,42,0.9,124,8,1,1826,1836,2736,12,5,19,1,1,0
1153,1559,1,1.3,1,10,1,10,0.3,114,8,17,117,681,2203,7,5,15,1,1,1
1154,1869,0,2.6,0,0,1,30,0.4,152,1,13,163,874,1375,15,3,19,1,0,0
1155,1836,0,1.1,1,0,0,14,0.7,104,5,1,168,1068,2469,18,6,7,1,1,1
1156,1237,0,0.5,0,2,0,27,0.1,87,8,5,274,603,2454,14,0,8,1,1,1
1157,856,1,1.1,1,14,1,19,0.7,125,6,19,1057,1931,650,17,0,10,1,0,1
1158,1546,1,1.6,1,2,1,27,0.7,124,2,6,1138,1491,267,12,10,16,1,1,0
1159,561,1,2.1,1,7,1,2,0.1,193,3,13,1055,1294,665,10,0,4,1,1,0
1160,1632,1,1.4,0,0,0,41,0.1,132,4,1,706,1623,2614,5,4,15,1,0,0
1161,1188,1,1.5,1,0,0,54,0.3,198,6,2,1150,1469,485,12,7,7,0,1,0
1162,781,1,1.3,1,1,0,64,0.2,88,2,7,368,607,3862,17,10,9,0,0,0
1163,987,0,1.3,1,0,1,61,0.4,107,3,9,581,820,3963,9,4,20,1,0,1
1164,616,1,2.2,0,3,1,21,0.8,150,7,4,347,513,3267,17,9,19,1,0,0
1165,877,0,1.5,1,0,1,17,0.1,195,7,0,1064,1985,2004,11,8,9,1,1,1
1166,1727,0,2.1,0,2,1,63,0.6,85,7,8,1463,1992,2457,19,13,7,1,0,1
1167,922,1,0.7,0,0,1,47,1.0,157,8,14,1295,1808,1464,17,4,12,1,0,1
1168,1061,1,2.1,0,3,1,52,0.1,109,7,4,138,1330,999,16,12,9,1,1,0
1169,1469,0,1.7,1,11,1,44,0.5,169,2,14,484,711,1687,15,5,5,1,1,1
1170,1314,1,2.8,1,13,1,5,1.0,87,4,18,82,512,3411,17,16,18,1,0,0
1171,983,0,0.6,1,0,1,45,0.1,130,4,11,948,1205,2052,5,3,6,1,0,1
1172,1177,0,0.9,0,1,1,29,0.4,191,2,8,178,882,311,18,5,19,1,0,0
1173,1751,0,0.5,1,6,0,8,0.6,178,6,20,170,564,2969,8,6,17,0,0,1
1174,774,1,0.6,1,2,1,8,0.4,136,1,4,1713,1865,2614,7,0,14,1,1,1
1175,783,0,1.8,1,0,1,43,1.0,106,3,4,1198,1471,2016,16,4,18,1,1,0
1176,539,1,0.6,1,9,0,21,0.1,145,7,14,551,599,3597,14,5,9,0,0,0
1177,721,1,2.7,1,1,1,15,0.2,102,5,18,655,1255,3606,10,0,5,1,1,1
1178,581,0,2.2,0,0,0,59,0.7,185,5,6,803,1613,2819,19,17,9,0,0,1
1179,511,1,0.6,1,12,0,50,0.1,175,3,16,140,622,1484,9,7,8,1,0,0
1180,683,1,2.1,0,7,0,30,0.1,197,7,8,927,1135,2066,9,0,15,0,0,0
1181,1782,1,2.8,1,6,1,58,0.8,157,1,13,867,999,2405,15,0,16,1,0,1
1182,916,1,0.5,0,0,1,47,0.2,82,4,1,1147,1393,1659,11,10,11,1,1,0
1183,1835,1,2.3,0,4,1,11,0.1,193,7,13,385,583,448,18,17,14,1,0,0
1184,534,0,0.5,1,4,0,2,0.2,85,5,16,911,1220,2466,5,3,18,0,1,1
1185,911,1,2.9,0,0,0,46,0.1,181,5,1,461,670,363,9,5,17,0,1,0
1186,1987,1,1.9,0,0,0,50,0.7,119,8,18,960,1925,857,12,4,6,1,1,0
1187,1662,0,0.5,0,0,1,61,0.8,126,4,13,32,1509,3760,9,5,13,1,1,1
1188,1476,1,1.2,1,0,1,55,0.1,171,4,5,1641,1666,1529,13,8,3,1,0,1
1189,769,0,0.5,1,12,1,54,0.2,112,4,19,1385,1780,941,15,8,20,1,0,1
1190,1812,1,1.3,1,4,1,42,1.0,162,7,15,380,1550,3338,18,13,11,1,1,1
1191,508,0,0.8,0,7,1,42,0.3,94,1,8,39,557,663,13,12,7,1,0,0
1192,1278,1,1.2,0,10,1,60,0.6,172,7,14,1244,1504,3142,11,4,19,1,0,1
1193,772,0,1.0,1,0,1,23,0.6,97,7,11,317,1805,2782,7,0,17,1,0,0
1194,1152,1,2.1,1,0,1,26,0.3,82,2,0,1304,1673,3284,15,2,8,1,0,1
1195,1195,1,1.1,1,2,1,8,0.9,80,6,6,327,1001,643,14,2,19,1,0,0
1196,507,1,0.5,1,1,0,32,0.5,141,7,11,936,1398,1702,17,0,5,1,1,1
1197,685,0,0.5,0,2,0,29,0.8,93,7,10,433,648,728,14,8,4,0,0,1
1198,1876,0,2.8,1,3,1,56,0.4,182,3,4,235,585,3021,12,2,18,1,0,0
1199,1537,1,2.5,0,4,1,43,0.3,137,1,5,839,1131,3685,18,17,17,1,1,1
1200,1220,0,2.9,0,3,0,62,0.5,125,4,8,403,1933,2589,19,11,15,1,1,1
1201,1332,0,0.8,1,2,0,11,0.5,187,2,4,758,1165,1285,5,0,9,1,1,0
1202,732,1,2.3,1,7,1,39,0.6,188,7,11,1163,1554,3681,19,3,15,1,1,1
1203,1811,1,2.5,0,4,1,5,0.6,98,4,16,447,568,2700,13,7,8,1,1,1
1204,1670,1,1.6,1,0,0,47,0.8,139,8,15,1706,1886,876,16,0,5,1,1,0
1205,869,1,1.0,0,7,1,57,0.6,118,1,15,1243,1584,2727,13,3,8,1,0,0
1206,1777,1,3.0,0,3,0,20,0.6,188,6,5,511,616,3868,5,1,7,0,1,1
1207,1549,1,1.8,1,0,0,62,0.7,91,4,4,167,990,799,7,3,9,1,0,1
1208,1454,0,1.4,1,8,0,37,0.8,80,8,20,903,910,1713,16,0,19,0,0,0
1209,1029,1,1.9,1,5,1,5,0.2,171,5,8,264,956,582,15,7,4,1,1,1
1210,987,1,1.9,0,4,1,52,0.5,83,3,8,419,736,2757,17,12,15,1,1,0
1211,1163,0,2.8,1,0,0,49,0.6,155,2,0,520,754,2768,19,2,12,0,0,1
1212,1755,1,1.3,0,0,1,24,0.1,134,7,2,286,1075,3937,8,1,7,1,0,1
1213,712,0,2.5,1,1,0,49,0.6,99,6,3,1131,1743,401,5,0,10,1,0,1
1214,511,0,0.7,1,1,1,52,0.7,180,2,10,24,759,3865,8,3,7,1,0,1
1215,645,0,1.2,0,6,1,41,0.7,184,8,17,741,1130,714,18,2,13,1,1,0
1216,616,0,1.9,1,13,1,44,0.8,81,3,17,651,1618,3366,18,8,13,1,1,0
1217,878,1,1.3,0,13,1,31,0.5,153,4,18,575,618,3497,9,7,11,1,1,0
1218,1354,1,0.7,1,3,1,26,0.5,136,4,6,297,918,2090,5,1,13,1,1,0
1219,730,1,0.5,1,3,1,27,0.1,112,5,10,62,846,3623,9,4,15,1,1,0
1220,1117,1,0.6,1,0,0,31,0.2,146,2,7,1258,1627,2003,8,7,14,0,1,1
1221,1745,0,2.9,0,0,1,3,0.9,105,3,0,426,1629,1308,5,0,2,1,1,0
1222,667,1,0.6,0,6,1,3,0.7,185,6,13,13,1463,2855,5,0,19,1,0,1
1223,633,1,2.2,0,0,1,49,0.1,139,8,1,529,1009,3560,11,1,16,1,1,1
1224,1410,1,0.5,1,0,1,15,0.3,92,3,1,192,1311,2304,18,4,18,1,1,0
1225,987,1,2.3,0,9,0,17,0.8,124,7,17,887,1274,3885,11,0,14,1,1,0
1226,771,0,2.9,0,2,0,62,0.7,106,1,8,1709,1781,1628,9,3,6,0,1,0
1227,1113,0,0.6,1,0,0,25,0.3,145,1,10,1047,1312,277,11,2,12,1,0,1
1228,1181,0,2.3,0,12,1,61,0.6,116,2,16,385,831,2020,6,0,18,1,1,0
1229,643,0,1.0,0,9,1,18,0.2,187,8,12,442,1079,2648,7,5,18,1,1,1
1230,1980,0,0.5,1,2,1,29,0.8,177,1,13,312,1910,3865,12,10,18,1,0,0
1231,1237,1,2.5,0,7,0,13,0.8,98,4,12,18,1004,2528,11,8,16,0,0,0
1232,1957,0,1.2,1,18,1,36,0.8,151,2,19,1194,1727,1115,16,2,18,1,0,1
1233,1880,0,0.5,0,0,1,7,0.6,104,4,1,890,1019,2968,9,0,3,1,1,0
1234,965,1,0.5,0,15,0,53,1.0,131,8,19,297,653,3227,12,6,8,1,0,0
1235,1162,0,1.0,0,0,0,50,0.5,104,4,10,332,866,1404,10,3,15,1,1,1
1236,1349,1,2.2,1,5,0,55,0.1,105,7,7,648,1019,2462,15,7,17,1,0,1
1237,1077,0,2.5,1,0,1,45,1.0,174,3,4,897,1304,1965,6,2,6,1,1,0
1238,1010,1,2.0,1,2,1,8,0.9,139,5,3,547,957,2625,15,11,12,1,1,0
1239,1963,1,1.0,0,16,1,34,0.1,157,2,17,1136,1813,714,18,2,2,1,0,1
1240,1361,1,1.4,0,1,0,47,1.0,169,5,2,881,1382,2495,8,7,16,0,0,1
1241,1591,1,2.2,1,4,1,52,1.0,161,3,16,548,1641,282,10,9,14,1,1,1
1242,1035,0,0.6,1,2,1,44,0.5,99,3,3,236,1960,3506,14,5,12,1,1,0
1243,959,1,2.6,1,15,0,20,1.0,84,4,19,561,1631,3965,16,1,6,1,0,0
1244,1335,1,3.0,0,3,0,60,0.8,180,2,4,83,559,3615,5,2,9,1,0,0
1245,1426,1,2.5,0,2,1,55,0.4,109,1,7,777,1032,2562,5,1,3,1,0,0
1246,802,0,0.5,1,3,0,43,0.6,153,5,6,527,734,3063,17,13,4,0,1,0
1247,1368,1,1.6,1,4,0,9,0.1,115,7,7,843,1145,2941,13,12,17,0,1,0
1248,969,0,1.8,1,2,1,44,0.6,158,3,7,167,909,641,9,1,8,1,0,1
1249,990,1,2.7,1,3,0,15,0.9,153,2,7,1466,1717,2698,11,8,6,1,0,0
1250,899,0,0.5,1,13,1,57,0.9,172,2,18,788,1331,364,11,1,7,1,1,0
1251,1164,1,2.6,1,0,0,61,0.3,88,1,6,1107,1656,3859,11,10,17,0,1,0
1252,1562,1,1.2,1,0,1,52,0.1,105,7,9,480,728,2829,13,10,3,1,1,1
1253,1813,1,0.6,1,0,1,5,0.2,198,3,8,338,1306,759,9,3,14,1,1,0
1254,600,0,0.5,0,0,0,14,0.8,112,5,2,320,747,1655,18,0,9,0,0,0
1255,948,0,2.3,0,14,0,22,0.1,173,5,20,257,1654,3499,11,7,19,1,1,1
1256,1552,0,1.2,0,10,1,53,0.3,180,8,18,430,658,2606,13,6,12,1,0,0
1257,1989,0,2.5,1,0,1,41,0.8,94,3,13,1100,1497,1665,17,9,12,1,1,1
1258,1834,0,2.1,0,7,1,40,0.1,99,4,11,0,1987,3692,13,0,16,1,1,0
1259,1093,0,0.5,0,1,1,31,0.6,171,2,12,1310,1420,1646,12,0,6,1,1,0
1260,1981,1,1.9,1,13,0,45,0.3,175,6,18,193,1234,1380,10,1,13,0,1,0
1261,1540,0,0.7,1,1,0,60,0.8,197,7,12,704,822,1591,19,0,2,1,0,1
1262,1225,1,2.1,1,8,0,13,0.5,116,4,12,759,1404,3836,12,11,11,0,0,0
1263,667,0,2.6,1,3,0,8,0.8,185,1,7,1015,1947,2528,11,8,8,0,1,0
1264,1062,0,0.5,0,3,1,39,0.9,124,4,4,571,817,1345,16,0,11,1,0,1
1265,1830,1,0.5,0,5,0,14,0.8,160,6,6,773,1353,1905,16,3,19,1,1,1
1266,1806,1,2.0,1,2,1,54,0.1,117,1,11,347,727,3142,13,0,6,1,0,1
1267,1122,0,0.5,0,0,1,40,0.3,156,7,14,675,1163,1456,9,3,20,1,1,0
1268,640,0,0.6,0,0,0,20,0.1,163,4,15,710,1179,2844,7,5,18,1,1,0
1269,797,0,2.2,1,0,0,37,0.9,144,7,2,206,1167,2216,9,5,6,1,0,0
1270,1371,0,0.5,0,4,0,52,0.5,167,4,19,471,663,3034,13,6,8,0,0,0
1271,1948,0,2.8,1,8,0,16,0.1,100,5,10,631,1940,3630,9,7,17,0,1,0
1272,1454,0,2.6,0,8,0,6,0.4,199,3,20,698,1018,1300,10,0,2,0,0,1
1273,1308,0,1.3,1,8,0,46,0.9,199,1,12,275,989,488,5,3,9,0,1,0
1274,1150,1,0.5,1,4,1,27,1.0,134,1,17,234,1947,1610,11,0,16,1,0,0
1275,602,0,0.9,0,9,0,50,0.9,141,8,18,1571,1717,2189,7,5,16,0,1,0
1276,1924,0,0.5,0,3,1,63,0.3,111,2,10,122,686,3423,13,3,19,1,0,0
1277,728,0,2.7,1,0,0,25,0.2,88,4,1,526,1529,2039,5,1,12,1,1,1
1278,1868,1,0.5,0,2,1,40,0.9,179,8,17,576,884,298,8,2,17,1,1,0
1279,772,1,2.4,1,1,1,10,0.5,80,4,2,1242,1712,3242,18,11,4,1,1,0
1280,1216,0,3.0,0,4,0,47,0.4,199,3,7,1852,1967,2268,13,5,4,0,1,1
1281,1138,0,1.1,0,5,1,48,0.6,109,3,14,233,1777,2048,6,0,18,1,1,1
1282,1035,0,0.5,1,14,1,49,0.3,178,2,15,574,1171,3991,12,4,19,1,0,0
1283,1678,0,2.1,0,3,1,64,0.9,134,3,11,436,536,278,19,0,10,1,1,0
1284,790,0,2.0,1,16,1,11,0.3,87,6,17,347,730,3169,6,1,2,1,0,1
1285,1864,0,2.2,0,0,1,7,0.1,142,1,2,225,1545,2258,10,1,10,1,0,0
1286,728,0,2.3,1,4,0,23,0.8,111,4,5,126,817,457,17,10,16,1,1,1
1287,627,0,1.8,0,2,0,20,0.8,142,3,8,211,507,896,17,6,14,0,0,0
1288,1589,1,0.6,1,0,1,58,0.9,85,7,7,319,1206,3464,19,10,6,1,1,1
1289,1773,1,2.5,0,16,1,32,0.6,170,6,18,1215,1472,3566,17,6,13,1,0,1
1290,1882,1,1.3,1,8,0,47,0.2,140,2,13,119,652,2500,17,1,11,0,0,1
1291,1110,0,0.6,0,1,0,42,0.9,192,5,2,1179,1262,456,12,8,18,1,1,0
1292,1674,0,2.8,1,0,1,52,0.2,89,3,7,1432,1649,2030,7,0,6,1,0,0
1293,1588,1,2.5,0,12,1,4,0.3,148,5,20,146,822,2506,5,3,11,1,0,0
1294,1659,1,2.5,0,2,0,41,0.1,88,7,18,787,1515,545,12,0,9,0,1,1
1295,1860,1,2.3,0,15,0,23,0.6,162,4,16,1362,1506,3918,9,2,8,0,1,0
1296,1496,1,2.0,1,4,0,42,0.5,182,5,5,96,741,854,16,0,7,0,1,1
1297,530,0,2.4,0,1,0,32,0.3,88,6,20,48,1012,959,17,7,6,0,1,0
1298,1663,1,2.5,1,13,1,27,0.3,169,4,14,831,1439,2084,7,1,18,1,0,0
1299,914,1,0.7,0,1,1,60,0.9,198,5,4,740,840,3736,14,8,5,1,0,0
1300,966,0,2.0,0,8,1,34,0.5,118,2,10,214,1523,3534,18,17,11,1,1,1
1301,1576,1,2.2,0,8,0,5,0.7,139,3,17,258,789,3904,5,1,7,1,1,1
1302,873,1,0.5,1,6,0,8,0.6,152,7,9,1257,1411,575,15,8,7,1,0,1
1303,578,1,2.6,1,2,1,57,0.2,162,8,8,1025,1433,1270,15,3,5,1,0,1
1304,891,0,1.9,1,1,1,18,0.1,153,6,3,40,1435,1303,17,16,4,1,1,1
1305,1492,1,1.5,0,5,0,11,0.9,85,3,7,1684,1746,2259,14,12,19,0,1,1
1306,1175,1,1.3,0,2,0,19,0.3,164,7,9,873,1394,1944,9,4,9,1,1,0
1307,759,0,2.5,0,3,1,39,0.3,162,2,8,110,1317,968,6,2,2,1,0,0
1308,906,0,2.1,1,7,0,18,0.1,136,2,11,1102,1793,3412,13,8,16,1,0,0
1309,1090,1,2.3,0,1,1,8,0.6,128,8,8,1217,1670,3839,17,3,11,1,0,1
1310,1905,0,0.6,1,9,1,36,0.4,119,3,20,825,1542,1287,13,4,16,1,0,0
1311,984,1,2.2,1,0,1,39,0.5,119,8,18,56,1931,2013,11,7,16,1,1,0
1312,950,0,0.5,0,6,1,55,0.1,124,8,7,86,1681,1305,6,5,4,1,0,1
1313,1991,1,1.8,0,11,0,9,0.7,94,3,12,751,1377,1511,17,8,9,0,0,0
1314,696,1,2.4,0,11,1,35,0.2,103,3,13,533,797,2022,14,11,4,1,0,1
1315,1445,1,2.4,1,7,1,20,0.4,173,7,15,1273,1345,1441,7,4,13,1,1,1
1316,1067,1,2.4,1,3,1,40,0.6,122,8,15,494,1989,604,16,14,11,1,0,0
1317,1732,1,1.1,0,4,1,12,0.8,119,8,9,824,881,1308,16,7,11,1,0,1
1318,1593,1,1.0,0,0,1,52,0.7,130,8,0,761,1336,1354,15,13,13,1,1,1
1319,1783,1,0.5,0,8,0,14,0.6,183,8,11,910,1566,1816,12,7,7,0,0,1
1320,1358,0,2.5,1,0,0,20,0.6,135,7,0,1485,1655,3406,5,1,11,0,0,1
1321,977,1,1.1,1,2,0,57,0.6,181,6,7,63,566,1206,7,1,8,0,1,1
1322,1602,0,2.7,0,4,1,46,0.6,118,1,5,273,1062,1862,16,9,2,1,0,1
1323,1341,1,2.1,1,0,0,36,0.4,107,8,1,473,574,2200,18,14,15,0,1,0
1324,1786,0,2.6,0,6,0,14,1.0,115,4,15,616,912,3038,18,0,14,1,0,0
1325,583,1,0.9,1,1,0,51,0.9,88,8,2,1658,1794,1799,16,9,7,0,1,0
1326,1713,0,3.0,1,5,1,20,0.9,104,7,17,237,890,971,11,10,10,1,0,0
1327,642,0,2.8,0,3,0,34,0.8,197,2,15,331,1011,3355,12,5,13,0,0,0
1328,579,1,2.5,0,3,0,7,1.0,89,8,10,808,1517,2908,12,4,11,0,0,1
1329,1049,0,0.6,1,8,1,2,0.3,172,6,10,39,1564,433,10,7,6,1,0,0
1330,752,0,0.5,1,1,0,48,0.7,87,7,13,164,728,3860,7,5,16,0,0,0
1331,1880,1,1.8,0,4,1,18,0.7,138,3,5,71,699,3333,17,15,7,1,0,0
1332,1366,1,1.7,1,5,1,53,0.2,161,5,9,647,1876,3869,17,5,14,1,0,1
1333,934,0,2.0,1,2,0,30,0.7,182,8,15,521,1190,703,10,8,7,0,0,1
1334,1871,0,2.1,0,4,1,41,0.4,144,8,5,275,1966,2727,15,8,11,1,0,0
1335,1175,1,1.7,1,1,1,45,0.6,167,2,7,90,557,2240,10,6,5,1,1,0
1336,1240,0,1.6,0,0,0,39,0.1,146,2,9,1511,1756,3260,13,1,17,0,0,1
1337,936,0,0.5,1,14,1,14,0.1,164,3,17,150,1677,3761,13,1,12,1,0,0
1338,768,0,0.5,1,0,0,19,0.9,159,2,1,637,991,1145,19,1,7,0,0,1
1339,1712,1,0.9,1,2,0,23,1.0,155,7,19,155,663,1422,5,0,15,1,1,0
1340,1195,0,2.0,1,1,1,23,0.1,82,4,9,163,1100,980,13,9,17,1,0,0
1341,771,1,0.5,1,0,1,33,0.1,157,3,17,776,1247,920,16,2,10,1,1,1
1342,1937,1,1.7,0,17,0,58,0.6,189,1,19,1728,1767,3321,5,4,14,1,1,0
1343,1606,0,1.4,0,3,0,57,0.1,154,4,4,1127,1924,3454,13,8,20,0,0,1
1344,1762,0,0.6,0,3,1,26,0.1,83,6,14,525,704,2661,9,7,4,1,1,0
1345,967,1,1.6,0,4,0,25,0.6,92,8,9,243,1642,3076,7,4,18,0,1,1
1346,1271,0,0.5,1,2,0,54,0.1,159,8,3,613,650,990,14,11,6,0,1,1
1347,1035,1,1.9,1,8,0,11,1.0,173,6,10,831,1709,2002,17,8,5,1,1,0
1348,1313,1,1.8,1,4,0,9,0.4,105,1,6,416,1308,3791,11,10,6,0,1,1
1349,1973,1,2.4,1,6,0,46,0.1,193,4,10,699,851,639,6,0,3,0,0,1
1350,1132,0,1.0,0,0,0,8,0.1,157,1,4,1091,1293,1950,11,2,6,0,1,1
1351,1762,1,2.7,1,13,1,25,0.9,189,1,14,300,527,1896,14,10,20,1,1,1
1352,1007,1,2.9,1,5,1,21,0.8,185,8,12,479,831,1301,8,6,12,1,1,0
1353,1991,0,2.2,1,1,1,42,0.7,82,1,13,366,613,722,6,5,10,1,1,0
1354,673,1,2.2,1,2,0,3,0.4,84,2,9,1109,1247,2719,19,2,9,1,1,1
1355,589,1,0.5,0,1,1,59,0.7,146,8,4,759,1858,362,16,10,6,1,1,1
1356,1315,1,2.6,0,7,0,64,0.8,128,7,16,59,575,3278,6,3,13,0,0,0
1357,539,0,2.0,1,1,0,24,0.5,86,4,2,958,967,1326,7,4,3,1,1,0
1358,1072,1,2.2,1,6,0,19,0.4,114,8,16,380,877,2715,15,9,16,0,1,0
1359,1956,0,2.2,0,0,1,37,0.5,87,3,2,185,776,1109,13,1,19,1,1,0
1360,1597,0,2.3,0,11,0,34,0.4,89,1,14,64,1667,934,16,10,9,0,1,0
1361,1356,1,0.5,1,0,0,35,0.8,131,1,19,782,951,3451,5,2,17,1,1,1
1362,641,1,1.1,0,0,1,7,0.9,192,1,3,417,759,3595,7,5,19,1,1,1
1363,1031,1,2.1,1,2,1,11,0.1,121,2,9,532,1247,2385,11,7,16,1,0,0
1364,1969,0,0.8,1,5,1,7,0.2,85,8,20,332,764,315,16,7,7,1,1,0
1365,840,0,0.9,1,6,0,33,0.7,150,6,7,1482,1591,2072,10,8,19,0,1,0
1366,864,0,1.6,1,0,1,53,0.3,88,6,1,262,1436,493,18,9,10,1,1,0
1367,1392,0,2.5,0,0,1,44,0.7,113,4,2,482,1098,1280,8,1,16,1,0,1
1368,1002,0,0.8,1,0,1,35,0.5,83,2,4,1345,1416,1726,16,5,19,1,0,1
1369,915,0,2.0,0,8,1,31,0.3,91,3,20,875,1316,378,11,6,9,1,1,0
1370,1753,0,0.5,1,0,1,31,0.1,134,1,18,1590,1926,1324,17,0,17,1,0,1
1371,1604,1,1.7,0,2,0,33,1.0,191,8,5,134,939,916,13,10,12,0,1,1
1372,1832,0,0.7,0,2,0,2,0.6,90,7,6,186,654,2978,18,7,18,0,0,0
1373,535,0,1.5,0,1,1,48,0.7,113,1,4,290,811,740,11,10,18,1,1,0
1374,1872,0,0.5,1,3,0,17,0.7,89,6,6,1749,1767,724,17,3,9,1,0,1
1375,1219,0,1.0,1,0,0,17,0.7,196,5,4,473,1022,705,11,3,6,0,1,1
1376,1676,0,1.6,0,2,0,37,0.2,145,1,3,134,1197,2515,14,8,4,1,0,1
1377,612,1,1.9,1,6,0,16,0.3,102,7,7,1360,1891,3161,8,4,3,0,0,0
1378,1414,0,2.0,1,2,0,54,0.8,99,7,3,262,829,3799,17,7,7,1,0,1
1379,1103,0,1.0,1,6,0,29,0.7,111,6,8,990,1486,1837,8,7,16,0,1,1
1380,1166,0,2.0,0,3,1,25,0.8,198,5,4,59,1203,2488,13,5,15,1,0,0
1381,1362,1,2.9,0,0,0,47,0.5,186,6,4,600,1042,3629,19,17,5,0,1,1
1382,501,0,2.3,0,12,1,54,0.3,131,4,19,504,1089,2346,13,12,2,1,0,1
1383,598,1,0.8,1,8,1,62,0.1,117,8,9,118,764,3066,11,2,19,1,1,0
1384,1802,1,1.2,1,8,0,27,0.5,116,5,16,453,963,1885,10,9,7,1,1,0
1385,1986,1,0.5,1,7,1,39,0.1,89,7,19,251,599,3476,11,8,17,1,1,0
1386,1444,1,2.1,0,9,0,38,0.4,104,7,16,624,917,3764,14,9,10,0,0,0
1387,1851,0,2.9,0,0,0,53,0.7,112,6,2,174,1175,2678,6,0,8,1,0,0
1388,1703,1,0.5,0,0,1,22,0.6,192,1,0,286,1235,1046,5,4,13,1,0,1
1389,1587,1,0.5,0,0,0,50,0.9,148,8,15,299,874,461,17,4,4,1,0,1
1390,823,1,2.7,1,13,0,60,0.5,148,8,19,822,1449,905,14,11,17,1,1,1
1391,803,1,2.1,0,7,0,17,1.0,198,4,11,344,1440,2680,7,1,4,1,0,1
1392,1656,1,0.5,1,8,1,38,0.1,105,7,17,506,519,1499,12,8,19,1,0,1
1393,627,1,1.6,1,3,1,12,0.2,131,7,17,447,819,2476,17,1,10,1,0,0
1394,709,1,2.0,1,0,0,35,0.1,136,1,0,1545,1596,1973,12,9,16,0,1,1
1395,536,1,1.4,0,0,1,53,0.7,135,3,0,547,705,1211,15,10,7,1,0,1
1396,1097,0,0.8,0,10,1,21,0.1,160,7,15,1277,1352,2219,15,6,12,1,0,1
1397,1179,1,0.5,0,7,1,32,0.3,182,2,12,85,1451,340,16,5,16,1,0,0
1398,719,1,0.5,1,0,1,23,0.4,113,6,9,431,1727,3990,14,9,12,1,1,1
1399,1439,0,0.9,0,12,1,20,0.8,147,1,17,626,932,1790,19,12,15,1,0,1
